host, count
*.moejackson.com, 42
*.zambian.com, 50
*.finalsite.com, 124
*.allrecipes.com, 10
*.http.com, 4
*.macupdate.com, 91
*.7digital.com, 144
*.cygwin.com, 4
*.financialcontent.com, 21
*.ultsearch.com, 48
*.popcouncil.org, 32
*.onestat.com, 3
*.inskinad.com, 28
*.gexo.com, 138
*.flexibilitytheme.com, 2
*.bookhostels.com, 16
68.142.200.12, 68
*.20thingsilearned.com, 140
*.wcpplanet.com, 38
*.pasadserver.com, 78
*.jscache.com, 8
*.polkaspots.net, 120
*.passcape.com, 69
*.beenidrew.com, 2
*.jemrewards.com, 8
*.100-percent-adult-sex-positions.com, 10
backup.nfc.trendmicro.com:80, 1046
*.toateblogurile.ro, 2
*.metanetwork.com, 47
-, 17844
*.webresint.com, 4
*.springerlink.com, 75
94.100.113.4, 1
*.eurojournals.com, 2
94.100.113.7, 3
94.100.113.9, 1
*.yuppads.com, 2
*.links-and-traffic.com, 1
*.shoqolate.com, 1
*.iwebimg.net, 1
*.skimlinks.com, 5
*.upturnarticles.com, 24
*.uservoice.com, 74
*.blogrankers.com, 10
*.bioportfolio.com, 32
*.worldstarhiphop.com, 2
*.uolcontent.com, 4
*.engineeringforchange.org, 2
*.findarticles.com, 22
*.validxmlfeed.com, 6
*.sitesell.com, 15
*.hey.lt, 1
*.hesgame.com, 1
*.laptopdo.in, 2
94.100.118.44, 1
*.honesteonline.com, 1
*.computing.net, 219
*.rodhnrimzc, 1
*.obsoletegod.com, 1
*.tq.cn, 4
*.bioreference.net, 1
*.bing.com, 2023
*.yceml.net, 35
*.sageanalyst.net, 24
*.blogflare.com, 21
94.100.118.37, 1
*.caringbridge.org, 284
94.100.118.35, 1
*.coolgamelife.com, 1
*.roseindia.net, 196
*.awltovhc.com, 16
*.cangohost.com, 2
*.mediaspanonline.com, 13
*.ip-adress.com, 3
*.universities.com, 16
*.honcode.ch, 1
94.100.118.70, 1
*.avira.com, 210
*.zauniversity.com, 4
*.dsnextgen.com, 7
*.yolasite.com, 82
*.tricesworld.com, 13
*.w3.org, 13
*.illicitencounters.com, 58
*.wired.com, 796
*.feedburner.com, 1473
*.cornell.edu, 65
94.100.118.66, 1
*.ne.jp, 3
*.rdpltaikbq, 1
*.diva-girl-parties-and-stuff.com, 94
*.ler5.com, 108
*.surveymonkey.com, 8
*.greatergood.com, 2
*.postzambia.com, 40168
*.statistics.ro, 2
*.lt01.net, 6
*.gorillanation.com, 33
*.zoom-freight.com, 9
*.scrippsnetworks.com, 96
*.woopra-ns.com, 112
*.reactive-software.com, 2
*.sexetc.org, 67
*.areyouinterested.com, 17
*.flzine.com, 2
*.imgsmail.ru, 6
*.openherbox.com, 46
*.thefablife.com, 2
*.turbulencetraining.com, 14
*.outboundlink.us, 2
*.parse.ly, 7
*.lookfeed.net, 5
*.gametver.com, 5
*.imbx.net, 2
173.203.111.167, 4
*.atdmt.com, 1287
*.madmimi.com, 2
*.resultspage.com, 7
*.wireshark.org, 3
wifi.polkaspots.com:80, 3
*.kvdnvlaardingen.info, 3
*.doubleclick.net, 42006
*.globaltakeoff.net, 17
*.bundlesmembersarea.com, 1
*.howcast.com, 80
*.proprofs.com, 92
*.freedownloadmanager.org, 2
*.ecorazzi.com, 129
*.yoafrica.com, 168
*.blurtit.com, 20
*.admagnet.net, 26
*.bigoo.ws, 5
*.bunchball.net, 4
*.streamray.com, 185
*.teach-nology.com, 20
*.181st.net, 134
*.motherjones.com, 138
*.yp.ca, 34
*.worldnow.com, 317
*.hkr.se, 4
*.becomeunbreakable.com, 64
*.teenexgirlfriends.com, 1
*.turkeyhillnews.com, 13
*.supergifs.net, 3
*.traveladvertising.com, 2
*.qqmail.com, 14
*.dearcupid.org, 16
*.nprotect.com, 3
*.dumpyourwifenow.com, 42
*.coppermine-gallery.net, 17
*.bangyoulater.com, 128
*.xnxx.com, 196
*.cpbanners.com, 6
*.google.de, 47
*.ipchicken.com, 1
*.jinamoore.com, 1
*.hugetraffic.com, 5
*.fleshlight.com, 1
*.safariexecutivesearch.com, 2
*.rapidok.com, 10
*.xxxblackbook.com, 1
70.85.96.90, 2
*.jamati.com, 1
*.resourcesit.com, 120
*.familyradio.com, 11
*.adultmoviegroup.com, 1
*.onlinewebstat.com, 3
*.bizmobil.com, 21
*.avast.com, 1850
*.globalshiksha.com, 48
*.google.es, 1
*.cbn.com, 220
*.norton.com, 303
*.google-analytics.com, 12118
*.driverrobot.com, 75
*.gstatic.com, 4928
*.babycenter.com, 285
*.dmtn.nl, 11
*.uefa.com, 304
*.nndb.com, 1
*.danielcraigworkout.com, 3
*.res-x.com, 36
*.wordwisehymns.com, 4
*.karneval.cz, 21
*.pirate.com, 17
*.trendsecure.com, 1
*.sitestat.com, 234
*.sanamobile.org, 41
75.125.185.226, 1
*.thestranger.com, 186
*.havannastudios.com, 2
*.vizu.com, 75
*.peepinsurance.info, 1
*.wibiya.com, 4821
*.reddit.com, 39
*.aboutpeers.com, 10
*.archives-ouvertes.fr, 1
*.pbc.org, 3
174.120.185.138, 1
*.ufpr.br, 7
*.tribe.net, 38
174.120.185.130, 1
*.redtubelive.com, 1
94.100.126.101, 2
94.100.126.100, 3
*.heanet.ie, 8
*.novaface.com, 3
94.100.126.104, 1
*.puzzlebee.com, 9
*.java.com, 212
*.accessmedicine.com, 21
*.95622.com, 2538
*.2leep.com, 181
*.daylife.com, 46
*.siteadvisor.com, 498
174.120.185.122, 12
*.comodoca.com, 213
*.graytvinc.com, 17
*.urbandictionary.com, 12
*.crwdcntrl.net, 275
*.hyperfind.net, 4
*.pcij.org, 26
*.brandaffinity.net, 8
*.invitemedia.com, 399
*.imgroot.com, 2
*.cosmopolitan.de, 21
*.lame.net, 7
*.trafficholder.com, 6
*.japaneseusedvehicle.com, 25
65.55.85.231, 1
*.informharry.com, 12
174.120.185.154, 1
*.beenthinking.org, 6
*.cracksguru.com, 26
*.datefree.com, 8
*.tophealthsites.net, 2
*.opera.com, 517
75.125.49.210, 1
*.orionmagazine.org, 40
*.blogher.org, 3
*.ilsemedia.nl, 488
*.nejm.org, 130
*.washint.edu, 12
*.apecdoc.org, 40
*.girlsteachsex.com, 10
*.zanzibarmagic.com, 53
*.audioscrobbler.com, 3
*.criteo.net, 7
*.logtagrecorders.com, 1
*.southbeachcandy.com, 26
*.yieldmanager.net, 23
*.valentinesgamesatoz.com, 38
*.tfd.com, 40
*.saharareporters.com, 1
*.prophecynewswatch.com, 9
*.hotsiteseek.com, 1
*.keezmovies.com, 1
*.montgomeryschoolsmd.org, 1
*.online-literature.com, 21
*.astraclips.com, 32
*.klm.com, 132
*.marsgroupkenya.org, 1
*.screenlesson.com, 1
*.fatburningfurnace.com, 19
*.an-file.info, 31
*.constantcontact.com, 64
*.ict4djester.org, 47
*.unites.org, 5
*.etesters.com, 2
*.webdevelopersnotes.com, 22
174.120.185.178, 2
*.recipesir.com, 2
*.jalbum.net, 7
*.itworld.com, 462
*.3gforphones.com, 1
*.netvsat.net, 2
*.yadro.ru, 159
*.nhl.com, 1395
*.360tag.net, 3
*.multimap.com, 1
*.cssbeauty.com, 25
*.google.co, 3
*.adresellers.com, 3
*.weebly.com, 37
*.igeared.com, 11
*.submityourtapes.com, 1
*.google.ca, 34
*.hostgator.com, 1
*.vmn.net, 78
*.needlive.com, 12
*.81A900FD0D32AC231B48CC33843CECED.info, 1
*.gravatar.com, 8864
*.harvard.edu, 5
*.tvneto.com, 4
*.rlcdn.com, 15
*.atrochatro.com, 27
*.darwinports.com, 32
*.xxxcupid.com, 58
*.idrc.ca, 25
*.enotes.com, 49
*.maxim.com, 322
l.yimg.com:80, 3
*.asmpress.org, 52
*.loomnie.com, 1
*.agoda.net, 7
*.ad4game.com, 74
*.doclix.com, 36
*.live.net, 882
174.132.231.82, 10
*.thestretchinghandbook.com, 88
*.webmd.com, 7
*.rapidsms.org, 5
*.thc.org, 7
*.desktopdating.net, 8
*.pimproll.com, 252
*.ncdae.org, 14
*.exportersindia.com, 1
*.esrf.fr, 2
*.wealth-group.net, 1
*.yola.com, 2
*.meep.com, 3
*.jhfcu.org, 15
*.hsjyhpcvkx, 1
*.linkedin.com, 2111
*.samharris.org, 1
*.081843D2B7A49A1746A0A875616ACFF3.org, 1
*.hostelworld.com, 6
*.onlinehome.fr, 345
*.myspace.com, 15
*.gemius.pl, 18
*.sonic.com, 9
*.rk.com, 342
*.fring.com, 69
*.etracker.de, 1
*.chitika.com, 2
*.nethymnal.org, 4
*.repoprintingpressesandmachines.com, 2
*.7ozo.com, 173
*.mywebface.com, 2
*.geotrust.com, 629
*.indianexpress.com, 1
*.banksyfilm.com, 40
*.bidsystem.com, 43
*.information.com, 18
*.uwtcallbackservice.com, 74
*.creafi-online-media.com, 3
*.mailshell.net, 423
*.olivebrandresponse.com, 18
*.viafrica.org, 35
*.newsgator.com, 1
*.travelemoney.com, 2
*.bannedinhollywood.com, 92
*.agencytradingdesk.net, 2
*.qrz.com, 3
*.wmtransfer.com, 1
*.ft.com, 158
*.yoyo.pl, 14
*.innoshock.com, 5
*.formspring.me, 21
*.freeworkoutsguide.com, 42
*.transurl.nl, 21
*.instapaper.com, 697
*.sciencedirect.com, 2
*.aviationweather.gov, 65
*.mmaweekly.com, 332
*.whzon.com, 1
*.epcdn.net, 38
*.howtogeek.com, 117
*.push2check.com, 14
*.thefilter.com, 7
*.android.com, 13
*.mychillpill.net, 2
*.buy-ebook.com, 1
*.grocerywebsites.com, 1
*.kingsnetzwerk.de, 1
*.monster.com, 21
94.100.118.241, 1
*.mixed-magazine.com, 2
*.5280.com, 23
94.100.118.247, 1
*.thesmokingjacket.com, 83
*.untd.com, 250
*.pctools.com, 151
*.spiceworks.com, 14
*.uk-open-learning.com, 18
*.nxsiiuqcrj, 1
*.staralicious.com, 2
*.newsserve.net, 19
*.imdb.com, 95
*.heavy.com, 192
*.revolvermaps.com, 73
*.informer.com, 180
*.ineedhits.com, 2
*.kff.org, 13
*.settl.com, 3
*.nnyhudngwp, 1
*.myipaddress.com, 1
94.100.118.251, 2
*.friendlyduck.com, 2
*.strauss-innovation.de, 1
*.celebrityfakefreegallery.net, 150
*.oneminutecure.com, 1
*.porn365.com, 54
*.c3metrics.com, 2
*.exelator.com, 26
*.screenscorner.com, 261
*.425dxn.org, 7
*.pjatr.com, 2
*.infopls.com, 25
*.clickbank.net, 29
*.techradar.com, 211
*.infoworld.com, 1
*.hyves-static.net, 84
*.bunnyherolabs.com, 1
*.cavidi.se, 22
*.onlineregister.com, 1
*.bccrxvhort, 1
*.miniclip.com, 1
*.thedailyreviewer.com, 36
*.sellmeyourtraffic.com, 6
*.histats.com, 41
*.star-advertising.com, 58
*.tqlkg.com, 25
*.straighthealth.com, 17
*.astalavista.ms, 11
*.yieldsoftware.com, 6
*.awempire.com, 7
*.bitgravity.com, 8
*.oldyourself.com, 8
*.net10.com, 1
*.zambiatomorrow.org, 3
*.findturbo.com, 6
*.pepperjamnetwork.com, 1
*.sony.nl, 12
*.richardlowe.com, 8
*.webads.nl, 5
*.phncdn.com, 190
69.16.188.107:80, 1
*.danielraduta.ro, 3
*.networksolutions.tv, 6
*.egydown.com, 1
*.celebrityfakesex.com, 143
*.pinoytutorial.com, 3
*.offerserve.com, 1
*.maxabout.us, 1
*.eyewonder.com, 156
*.amazingmoms.com, 61
*.skypeassets.com, 1101
*.zapimg.com, 12
*.xpdrivers.com, 20
*.focusonthefamily.com, 674
*.pgpi.org, 36
*.ciamradio.com, 2
*.lugosoft.com, 45
*.121wow.com, 1
*.opentracker.net, 10
*.warmbutter.com, 10
*.hitslink.com, 2
*.blackberry.com, 514
*.itslearning.com, 41
*.cdn-xxxblackbook.com, 5
*.justanswer.com, 1
*.mail.ru, 11
*.dreamhost.com, 1
*.designbloxlive.com, 4
*.questionmarket.com, 218
*.conduit-services.com, 707
*.thecutestblogontheblock.com, 2
*.mushroomnetworks.com, 68
*.boobieblog.com, 7
*.wapo.com, 1
*.twackle.com, 10
*.flixfacts.com, 3
69.16.188.132:80, 1
*.xda-developers.com, 229
*.corporateperks.com, 7
*.gmodules.com, 679
*.freedownloadscenter.com, 67
update.videolan.org:80, 1
*.ecommerce-digest.com, 25
*.corel.com, 2
*.stansberryresearch.com, 3
*.blogsmithmedia.com, 71
*.unboundmedicine.com, 9
*.abmr.net, 137
212.227.97.133, 6
*.activalive.com, 31
*.usafis.org, 7
*.anrdoezrs.net, 1
*.shapeonline.com, 10
*.gymjones.com, 32
*.flyzambezi.com, 34
*.myspacetopsites.com, 6
*.askmen.com, 132
*.thesite.org, 111
*.fixmytrouble.com, 18
*.microsoft.com, 17121
*.czadowo.com, 2
*.idahorner.com, 26
*.womanthouartloosedthemovie.com, 15
*.menshealthliving.com, 2
*.feedcommander.com, 1
*.fhmonline.com, 105
*.datart.cz, 3
*.reddion.com, 13
*.xgraph.net, 154
*.webstarts.com, 1
*.oracleimg.com, 80
*.aiu.edu, 106
*.attheendofslavery.ca, 1
*.gsjkobhuqequc.in, 3
*.newsdaily7.com, 59
*.ubuntuforums.org, 71
*.feedjit.com, 204
*.real.com, 259
*.jhu.edu, 72
*.multivea.net, 30
*.list-manage1.com, 4
*.emorymedportal.com, 2
*.chelseafc.com, 86
*.fakefantasy.com, 154
*.areagratis.it, 1
*.forota.net, 1
*.revivalsoy.com, 9
*.ladbrokes.com, 32
*.courttv.com, 1
*.tssskfwhjd, 1
*.gawkerassets.com, 1784
*.sportsgrid.com, 5
*.cumbrains.com, 6
*.skype.com, 2432
*.ovi.com, 623
*.videobash.com, 5
*.randomous.com, 2
*.nyu.edu, 6
*.103092804.com, 1
*.technoratimedia.com, 51
*.mondomusicshop.com, 2
*.teracent.net, 7
*.rbn.com, 1
*.a, 1
*.15on1.com, 3
*.chalangeguard14.com, 4
*.blingee.com, 2
*.freeworkoutguides.com, 43
*.zoomino.com, 3
*.dailyburn.com, 56
*.thomson.com, 5
*.videovat.com, 63
*.spacash.com, 54
*.bbgeeks.com, 149
*.xvideos.com, 7561
*.conduit-widgets.com, 4
*.itsfordinner.com, 11
*.sci-cultura.com, 1
*.jibjab.com, 1
*.esrf.eu, 69
*.dt00.net, 2
*.recadodeorkut.com, 3
*.ecer.com, 20
*.toptable.com, 1
*.emusic.com, 14
*.apc.org, 58
*.slideshare.net, 6
*.capitalcityweekly.net, 2
*.moneybookers.com, 4
*.europa.eu, 165
*.snowvalley.com, 10
*.webfetti.com, 61
*.org.sz, 25
*.tweetup.com, 15
*.pussy.org, 369
*.theabsexpert.com, 1
*.slantmagazine.com, 54
*.biblemenus.com, 21
207.218.202.150, 1
*.sc0tty8.com, 1
*.transip.nl, 19
*.novinupload.com, 9
*.keygens.nl, 14
*.wlxrs.com, 241
*.growl.info, 17
*.bhtraffic.net, 7
*.driversdownloaddriver.com, 42
*.rama-img.com, 45
*.tamilnet.com, 23
*.xe.com, 398
*.thinkexist.com, 78
*.fixya.com, 9
*.postdirect.com, 22
*.educationfunction.com, 2
*.com.na, 32
*.org.uk, 340
*.virginia.edu, 234
*.acersupport.com, 5
*.about.com, 496
*.amazon.com, 2841
*.uncoached.com, 23
*.machamalaria.org, 1
*.trendmicro.com, 48
*.androinica.com, 80
*.tradedoubler.com, 44
*.zonaecoloring.com, 75
*.wcptafrica.org, 13
bwsnotif01.logitech.com:80, 185
*.shrm.org, 59
*.persiangig.com, 2
*.ing.nl, 67
*.zambianmusicians.com, 343
*.cyveillance.com, 3
*.technicolor.com, 259
*.mb-soft.com, 12
*.89.com, 17
*.infed.org, 10
*.com.ph, 7
*.dxwatch.net, 12
*.homemadecelebsporn.com, 4
*.bicweb.org, 15
*.ajvaynerchuk.com, 30
*.paypal.com, 12
*.slutceleb.com, 3
*.dictionary.com, 124
*.psd.org, 229
*.delta.com, 73
*.afdelingscompetitie.nl, 26
*.channelintelligence.com, 7
*.faithclipart.com, 110
*.speeddatemail.com, 3
*.uolstatic.com, 3
*.aaddzz.com, 1
*.scrippscontroller.com, 15
*.bitsontherun.com, 9
*.adbuyer.com, 56
*.birsentekstil.com, 14
*.cnn.net, 3
*.jatrophabiodiesel.org, 109
*.foxsports.com, 1225
*.adtraxx.de, 1
*.sid-ads.com, 144
*.gizmodo.com, 1166
69.16.188.123:80, 1
*.mysexyreviews.com, 6
*.eonline.com, 1
*.conductsearch.com, 6
*.evolvemediacorp.com, 2
*.domainsponsor.com, 12
*.ifl.net, 2
94.100.114.3, 2
*.kmplayer.com, 9
*.tinyurl.com, 4
*.ning.com, 6
*.sensualwriter.com, 2
94.100.122.119, 1
94.100.114.8, 2
*.britishairways.com, 399
*.rnhh.de, 16
*.burstnet.com, 69
*.wank.net, 5
*.amigobar.com, 2
*.watchdogzambia.com, 6
*.markethealth.com, 1
*.mpegvideogalleriesfree.biz, 50
*.palple.net, 7
*.3quarksdaily.com, 1
85.17.26.173, 2
*.4shared.com, 484
*.internationalstudent.com, 47
*.nandos.com, 29
85.17.26.175, 2
*.grandioseparlor.com, 1
*.liveperson.net, 363
*.mathleague.com, 8
94.100.122.100, 2
74.54.25.98, 1
*.wapdam.com, 292
*.mtreexxx.net, 1
*.uproxx.com, 195
*.nhilfcaaqx, 1
*.christianasp.net, 1
*.society-in-science.org, 25
*.addthis.com, 1850
*.buttonbrokers.com, 1
*.adsfac.us, 1
*.clickotmedia.com, 3
*.jobthread.com, 7
*.vietnamwallpaper.com, 2
*.ligatus.com, 232
*.bottombillion.com, 1
*.downloadkeeper.com, 42
*.post-gazette.com, 32
*.beyondthefirstworld.com, 42
*.direct-email.nl, 9
*.celtel.com, 27
*.fotosik.pl, 3
*.internet.com, 1
*.mobilecastle.biz, 112
*.aggresveice.com, 1
*.imagesfox.com, 25
*.flyertalk.com, 3
*.ats-group.net, 9
*.a7la-love-group.com, 11
91.217.162.59, 7
*.plixi.com, 13
*.yldmgrimg.net, 32
*.atlrec.com, 2
*.itsfogo.com, 10
*.commentcamarche.net, 59
*.rnbxclusive.com, 140
*.servedbyadbutler.com, 16
174.123.166.26, 2
*.pichaus.com, 10
*.roirocket.com, 3
*.nonprofitsassistancefund.org, 2
*.org.zm, 524
*.examplesof.com, 62
*.com.mx, 7
*.computerjokes.net, 8
*.com.my, 131
*.ixhafeunnx, 1
*.crowdscience.com, 45
*.mtoni.com, 151
*.blogged.com, 2
*.complex.com, 33
*.thebesttraveldestinations.com, 36
*.hoobie.net, 3
*.salemwebnetwork.com, 59
*.boomclips.com, 1
*.ensighten.com, 2
*.coasttocoasttickets.com, 2
*.mcstatic.com, 83
*.aldaily.com, 2
174.120.186.42, 1
*.t4ft.de, 2
*.ivwbox.de, 6
*.changinghands.net, 2
*.steelers.com, 6
*.squidoocdn.com, 58
*.smsdose.com, 4
*.cismooly.com, 4
*.quaerosoft.com, 1
*.watchdog.com, 3
*.300workout.org, 8
*.celebrity-gossip.net, 2
*.wovencube.biz, 2
*.zamnet.zm, 27
*.voiceafrica.net, 8
*.intent.ly, 45
74.55.143.114, 2
*.photopos.com, 7
*.tinypic.com, 122
*.persgroep.nl, 2
*.lovemessage.org, 10
*.cdnetworks.us, 47
*.macstumbler.com, 10
*.ghacks.net, 17
*.free.org, 1
*.sokwanele.com, 5
*.owen.org, 3
*.mtnfootball.com, 177
*.styleemoney.com, 2
*.advancingwomen.com, 6
*.afnog.org, 5
*.apmebf.com, 46
*.crin.org, 23
*.iwantsixpackabs.com, 19
*.mochibot.com, 26
*.monetate.net, 7
*.1shoppingcart.com, 2
*.searchresultsdirect.com, 6
*.cuny.edu, 5
174.120.186.58, 30
*.adecn.com, 12
*.getclicky.com, 55
*.saintmaryinbyron.org, 3
*.zorpia.com, 2
*.motorola.com, 30
*.aljazeera.net, 1
*.flixstercdn.com, 27
*.fontdeck.com, 5
*.pairsite.com, 9
174.120.186.74, 3
*.giftlegacy.com, 34
87.106.131.195, 369
*.prosofthumanresource.com, 190
*.ShopperReports.com, 30
*.testfreaks.com, 207
*.vodafone.com, 1
*.timeanddate.com, 12
*.continentalmobiles.com, 35
*.niggnogs.com, 18
*.vid2c.com, 1
*.ufc.tv, 146
*.pop6.com, 707
*.buzzfed.com, 34
74.55.235.34, 2
*.hamqsl.com, 1
*.com.au, 125
*.com.ar, 2
*.wvnetworkmedia.org, 25
*.slackbook.org, 47
*.turn.com, 107
*.thekaufmannpost.net, 1
*.yahoomail.com, 47
*.contactme.com, 4
*.adperium.com, 125
*.me.com, 6
*.shareasale.com, 2
*.frontlinesms.com, 39
*.domdex.com, 54
*.net2.ro, 1
*.etrust.org, 1
*.lulu.am, 3
*.download.com, 2127
*.decknetwork.net, 93
*.034708F4193076BFDCED24EFBBA8C1CF.org, 1
*.kontera.com, 356
*.search.com, 12
*.causes.com, 5
*.com.br, 78
*.threatfire.com, 128
98.136.86.48, 2
*.pulse360.com, 42
*.facebook.com, 118654
*.com.cn, 144
*.collegesports.com, 1
*.adservinghost.com, 6
*.awin1.com, 29
*.aids2010.org, 36
*.twimg.com, 11541
*.musicbrainz.org, 23
*.realmedia.com, 8
*.maxabout.info, 37
*.jasminerouge.com, 192
*.tzreoctuid, 1
*.simnet.is, 8
*.oneandco.com, 1
*.drawncartoonporn.com, 4
*.cdnhost2000xl.com, 3
*.videolan.org, 159
*.experienceproject.com, 3
*.envato-static.com, 9
*.christinemendozaonline.com, 1
*.icontact.com, 3
74.55.235.58, 1
*.nick.com, 5
*.vresp.com, 2
*.filetransit.com, 56
*.symantec.com, 1090
*.officemax.com, 1
*.slidefinder.net, 68
74.55.88.242, 2
*.freetellafriend.com, 2
*.metapress.com, 7
*.themorningnews.org, 20
*.plemix.com, 1
*.mrgreen.am, 2
*.crackstorage.net, 10
*.torcache.com, 10
*.xiti.com, 30
77.238.187.173, 65
*.theseotree.com, 6
87.248.213.71, 3
*.linksynergy.com, 11
*.viraladnetwork.net, 4
*.ozersky.tv, 24
*.graduates.com, 10
*.heyzap.com, 8
*.noaa.gov, 461
*.voxcdn.com, 4
74.55.235.42, 6
*.techtarget.com, 40
*.touchclarity.com, 4
*.machaworks.org, 708
*.thumblogger.com, 1
*.sharpbrains.com, 48
*.americastgp.com, 3
*.wildgames.com, 160
*.americanpregnancy.org, 46
*.kantarmedia.com, 6
*.iw5edi.com, 19
*.springer.com, 2
*.video2mp3.net, 113
*.cedexis.org, 2
*.donanza.com, 2
*.sendscraps.com, 48
*.sailthru.com, 3
*.121d8.com, 3
*.spunkycash.com, 2
*.eloqua.com, 21
*.internetcheckvodafone.de, 1
*.ismsmessages.com, 28
*.ecdl.org, 5
*.ac.jp, 29
*.authorize.net, 2
*.typepad.com, 99
*.looneynetwork.com, 1
*.unaids.org, 20
*.adrcdn.com, 166
*.indiana.edu, 1
*.axill.com, 68
*.nederland2.nl, 1
*.leechmonster.com, 25
*.bnet.com, 118
*.algebrahelp.com, 24
*.hyves.nl, 118
*.industrybrains.com, 15
*.limetorrents.com, 37
*.vclcomponents.com, 8
*.hiltonhhonors.net, 1
*.3crowd.com, 12
*.recaptcha.net, 231
*.soundcloud.com, 1
*.abc27.com, 38
*.googletagservices.com, 3
*.google.ml, 249
*.ac.ke, 25
*.hotmail.com, 1084
*.stickr.com, 158
*.cooks.net, 7
*.messiah.edu, 151
*.ecb.int, 2
*.rivasearchpage.com, 15
musicbrainz.org:80, 5
*.pheedcontent.com, 3
*.doesntexist.org, 4
*.terabyteunlimited.com, 66
*.asrock.com, 2
*.clickability.com, 10
*.spiegel.de, 12
*.visualdna.com, 21
*.sexz.com, 78
*.boxbe.com, 6
*.newlifehardwoods.com, 1
*.4tube.com, 98
*.mrskincdn.com, 53
*.simplyhired.com, 15
*.davemanuel.com, 36
*.blackbuttsgalleries.com, 64
*.highbeam.com, 3
*.mixplay.tv, 22
*.dapper.net, 155
*.google.nl, 280
*.windowslivetranslator.com, 29
*.mozilla.org, 137
*.9down.com, 52
*.thesmokinggun.com, 1
*.rapleaf.com, 1
*.mozilla-enigmail.org, 2
*.ac.il, 1
174.133.30.170, 1
94.100.122.83, 2
*.clicktale.net, 7
*.btrll.com, 6
*.ac.in, 1
*.yahoo-email.com, 1
*.bollywoodsargan.com, 2
*.simply.com, 4
*.kosmix.com, 23
*.yucelcavdar.com, 39
*.wisegeek.com, 44
*.thegrio.com, 196
*.on2url.com, 1
*.premierimagehosting.com, 2
*.adonion.com, 16
*.openx.net, 1101
*.thebrowserhighlighter.com, 3
*.indiasnacks.com, 9
*.afrolicious.com, 1
*.adfusion.com, 12
*.go2africa.com, 50
*.lovingwhisper.com, 56
*.articlesbase.com, 44
*.tutorialzine.com, 39
*.funwebproducts.com, 1
*.shorttail.net, 4
*.virology-education.com, 126
*.williamhill.com, 713
*.windowsupdate.com, 113116
*.seekysearch.net, 2
*.ourstage.com, 1
*.ispringsolutions.com, 6
*.ivstatic.com, 7
*.vupdate2.com, 2
*.examiner.com, 46
*.developpez.com, 37
*.baynote.net, 122
*.givemesomethingtoread.com, 71
*.yahoo.net, 1514
*.dt07.net, 94
*.reference.com, 28
*.mybloglog.com, 65
*.sony-europe.com, 3
208.88.226.75, 3
*.usc.edu, 53
*.offthegridnews.com, 6
*.cpmstar.com, 51
*.smudqljzqg, 1
*.myfreecopyright.com, 1
*.orphanspromise.org, 1
*.nonstoppartner.net, 1
*.wslinx.com, 6
*.nos.nl, 2239
*.wonderhowto.com, 4
*.om.org, 259
*.crunchboard.com, 3
*.legacyfound.org, 24
*.wikipedia.org, 1173
*.nkimagehosting.com, 13
*.bnmla.com, 68
*.dailymotion.com, 1
*.surveygizmo.com, 12
*.simplyclips.com, 103
*.netlogstatic.com, 185
*.adsfac.eu, 35
*.tastefullysimpleparty.com, 2
*.fzkwzyupcy, 1
*.dignow.org, 21
*.babesandbitches.net, 5
*.phillies.com, 9
*.demandbase.com, 9
*.fileguru.com, 137
74.55.88.194, 3
*.zroitracker.com, 2
*.zenfs.com, 42
*.houstonpress.com, 8
*.aruba.it, 5
*.cpx-ads.de, 1
*.imrworldwide.com, 843
*.tvnoop.com, 38
*.registrydefender.com, 8
*.veronbreda.nl, 21
*.espncdn.com, 264
*.dctorrent.com, 67
*.anepbevwfx, 1
*.topbits.com, 1
*.techsoup.org, 20
74.55.82.98, 2
*.zanzibar.net, 37
*.hws.edu, 16
*.netlog.com, 28
*.alexa.com, 18
*.africasciencenews.org, 1
74.55.235.2, 7
*.usenetcompare.com, 1
*.zimdays.com, 58
*.undertone.com, 4
*.apture.com, 264
*.fxware.com, 23
*.techarena.in, 42
*.mcc.org, 108
*.blogherads.com, 14
*.mlstat.com, 20
*.lifehacker.com, 285
*.nigeriahealthwatch.com, 1
*.medley.com, 33
*.rttnspinkb, 1
*.your-server.de, 47
*.proflight-zambia.com, 18
94.100.122.19, 1
*.p-real.com, 2
*.startssl.com, 3
*.flixxy.com, 61
*.mynewblog.net, 26
*.creative-serving.com, 167
*.mensworkoutguide.com, 24
www.amazon.com:80, 36
*.afrozmeet.com, 32
*.ramadbk.com, 75
*.optimost.com, 15
*.conduitapps.com, 256
*.heroturko.org, 169
64.120.144.120, 2
*.izmasrxasl, 1
*.aanbidding.net, 683
*.canoe.ca, 28
*.themusicage.com, 1
*.nagios.com, 10
*.dicarlotrack.com, 1
*.nrc.nl, 39
*.levexis.com, 33
*.liverpoolfc.tv, 2398
*.grokster.com, 1
*.youporn.com, 245
*.adultfriendfinder.com, 127
*.foodista.com, 5
*.diymotiongraphics.com, 1
*.edgesuite.net, 1772
*.safpar.com, 25
*.mortgagesm.com, 2
*.fzkyziebsm, 1
*.iconnect.org, 6
*.chulavistalawncare.com, 2
*.vmixcore.com, 17
*.onedayforher.nl, 2
*.maneno.org, 1
*.backpackzambia.com, 121
*.admeld.com, 556
*.sniny.org, 2
*.uktop40.com, 13
*.citeman.com, 17
*.cbssports.com, 2
*.us.yi, 2
*.onenetworkdirect.com, 1
*.funscrape.com, 16
*.rupeemail.in, 1
*.everestjs.net, 5
*.mooniak.com, 1
*.gocyberlink.com, 19
*.trafficspaces.net, 3
*.expertafrica.com, 31
*.500lovemakingtips.com, 1
*.zjhqqtscxe, 1
*.adjuggler.com, 12
*.mhcache.com, 46
*.ooffoo.com, 2
74.54.25.18, 2
*.teach-ict.com, 27
*.citibank.com, 6
*.advancedmasturbation.com, 14
*.bluesq.com, 2
*.nigerianstalk.org, 1
174.136.49.203, 5
*.flixster.com, 65
*.blogcdn.com, 60
*.widgetbox.com, 15
*.manutd.com, 257
*.driversbag.com, 8
*.johnsifferman.com, 3
*.pmates.com, 2
*.practicalaction.org, 71
94.100.122.67, 1
*.smithmicro.com, 5
*.aplawrence.com, 14
*.wankerthumbs.com, 5
*.theguardian.tv, 2
*.photarium.com, 1
*.comodo.com, 4
*.kotaku.com, 32
*.his.net, 1
*.eyereturn.com, 4
*.zie.nl, 192
*.nastydollars.com, 31
*.zgjwjipaxa, 1
66.221.37.124, 2
*.tellafriendgenerator.com, 1
*.fileratings.com, 11
*.github.com, 1
*.tjoob.com, 1
*.heias.com, 8
*.fastweb.com, 4
*.bpath.com, 3
*.last.fm, 90
*.maxabout.com, 52
*.supashare.net, 33
ads.nba.com:80, 3
*.fhm.com, 401
*.z5x.net, 290
*.uandrtech.com, 2
*.dotzup.com, 46
94.100.122.35, 1
*.streampartner.nl, 31
*.celossip.com, 2
*.sportsfanlive.com, 10
*.brighteroption.com, 1
*.secureserver.net, 37
*.123count.com, 4
*.terra.com, 119
*.kaktuz.net, 1
*.technobuzz.net, 39
87.248.193.8, 5
*.compassion.com, 1
*.pogo.com, 80
66.45.255.230, 2
*.menslifetoday.com, 6
*.craigslist.org, 207
*.emory.edu, 19
*.googlecode.com, 15
*.bbcgoodfood.com, 210
94.100.122.45, 1
94.100.122.43, 1
*.stumbleupon.com, 107
*.creativehomemaking.com, 8
*.mywebsearch.com, 21
*.readability.com, 1
*.visualwebsiteoptimizer.com, 2
*.cavendishza.org, 218
*.lawteacher.net, 68
*.sun.com, 219
*.lovemessages.com, 4
*.dijit.com, 1
*.phile.com, 2
94.100.122.49, 1
*.gatcdn.com, 55
75.125.246.130, 6
*.go.com, 2499
*.tcd.ie, 5
94.100.122.48, 1
*.goldenrod.net, 9
*.righthealth.com, 6
*.windowslive.com, 2
*.wikihow.com, 4
*.ac.zw, 4
pmupsw.adobe.com:80, 2
*.searchgalleries.com, 2
*.sitesense-oo.com, 6
*.brilig.com, 17
*.rpxnow.com, 2
*.aps.org, 42
66.59.109.208, 14
*.shiningmilfs.com, 303
174.132.225.66, 2
*.insites.eu, 4
*.textnovel.com, 4
*.wankergalleries.com, 40
*.symantecliveupdate.com, 1496
*.hvvc.us, 436
*.fedobe.org, 3
*.marketo.net, 3
*.ennkekitba, 1
*.saddleback.com, 21
*.robtex.com, 14
*.psychocats.net, 75
*.torrentdownloads.net, 154
*.guyweekly.com, 13
*.bing.net, 3930
*.rainside.sk, 7
*.cracklooker.com, 5
*.ymxxvhucld, 1
*.scarleteen.com, 13
*.rtstc.com, 34
*.origami-instructions.com, 73
*.piclens.com, 2
*.h-rez.com, 48
*.badboyforever.com, 37
*.imagehousing.com, 20
*.cyone.biz, 23
*.speedtouchdsl.com, 1
*.arnostat.nl, 62
*.advertising.com, 329
74.6.239.185, 1
*.siber.com, 6
*.brandreachsys.com, 626
*.adshuffle.com, 76
*.ac.za, 2
*.ciscoeos.com, 160
*.tradecarview.com, 3207
*.dell.com, 411
*.topfan.com, 10
*.thumbshots.org, 12
*.ac.zm, 61
*.whtm.com, 14
*.badboy.com, 153
*.boardofwisdom.com, 16
*.serving-sys.com, 507
*.coinmill.com, 110
*.adviva.net, 51
*.hardcork.com, 8
*.vsbqtaafdc, 1
*.picknbuy24.com, 567
*.dlfiles.com, 4
*.idgenterprise.com, 25
*.bloggernity.com, 1
*.kddilabs.jp, 2
*.topasiangirls.net, 10
*.cyberhymnal.org, 31
212.227.101.14, 1097
*.166830BDACAB7682CAD1F2DA3684B987.org, 1
*.iact.ie, 1
*.rubiconproject.com, 934
*.jquery.com, 18
208.94.232.149, 68
*.quantserve.com, 3888
*.romanticlovemessages.com, 15
*.AB99EBFD2F80259E173C38F7742A781E.org, 1
*.norgenbiotek.com, 73
*.addthiscdn.com, 1287
*.pakmela.com, 2
*.urge.com, 18
*.pokerpurist.com, 9
*.zap2it.com, 7
*.mcdconsortium.org, 115
*.yousaytoo.com, 96
*.desivideonetwork.com, 39
*.adrcntr.com, 40
*.experida.com, 1
*.veoh.com, 11
94.100.115.3, 1
*.justppc.net, 1
*.karger.com, 1
*.freefuckvidz.com, 61
*.africasturn.com, 1
*.physicalliving.com, 49
*.medialytics.com, 14
*.gtanet.com, 6
*.mobihand.com, 8
*.vipermovies.com, 55
*.intuit.com, 191
*.thesaurus.com, 50
*.ploscollections.org, 85
*.getdeb.net, 12
*.wikinvest.com, 12
*.saching.com, 10
*.blogarama.com, 2
*.ac.uk, 624
*.moisearch.net, 4
*.interclick.com, 30
*.ieaddons.com, 17
*.faceboiok.com, 1
*.mookie1.com, 255
*.coremetrics.com, 10
*.saflii.org, 5
*.boz.zm, 32
*.twittericon.com, 1
*.picbadges.com, 4
*.ufcstore.com, 3
*.jambocast.com, 3
*.mediaite.com, 98
*.flipshare.com, 166
*.applifier.com, 11
*.shmoo.com, 4
*.betfair.com, 1
*.petplace.com, 53
*.wik.is, 3
*.northmay.com, 2
*.brighthub.com, 134
*.cio.com, 1
*.vs.com, 4
*.idirect.net, 74
*.mercent.com, 3
*.clicksor.net, 45
*.freepatentsonline.com, 5
94.100.127.130, 8
*.hotel-rez.com, 25
*.universalmccann.com, 1
94.100.127.137, 4
174.133.14.34, 15
94.100.127.139, 2
*.decidetostayfit.com, 71
*.searchsave.com, 7
*.satsig.net, 25
*.enoratraffic.com, 76
*.clearchannel.com, 15
*.giantfoodstores.com, 14
*.recipezaar.com, 3
*.slss.ie, 35
94.100.127.140, 1
*.marathonrotterdam.nl, 2
*.god.tv, 8
*.collegescholarship-s.info, 10
94.100.127.141, 3
*.adengage.com, 17
94.100.127.143, 2
*.roamans.com, 152
*.carsvirtual.com, 5
94.100.127.145, 4
*.nbcsports.com, 1
*.earthy.com, 14
*.revostock.com, 97
*.digg.com, 189
*.innity.net, 1
*.abcnews.com, 1
*.1-love-quotes.com, 1
*.lucidmedia.com, 17
*.southwest.com, 1
*.fatlossblogger.com, 32
94.100.118.108, 1
*.cv47.net, 4
*.washington.edu, 11
*.seemybucks.com, 1
*.altfast.ru, 2
*.buysellads.com, 22
94.100.118.102, 1
*.portableapps.com, 34
*.overture.com, 16
*.adblade.com, 33
*.dailybikinis.com, 13
*.bleeek.com, 14
*.zerolag.com, 1
*.myftp.org, 2
67.195.13.132, 50
*.latinamericanmodels.com, 60
*.africonnect.com, 141
*.tapjoyads.com, 2
94.100.116.16, 3
94.100.116.15, 3
*.dollspace.com, 10
*.weatherwego.com, 2
*.yogaskill.com, 10
*.great-landlord-info.com, 2
*.fmpub.net, 86
*.wsod.com, 195
*.ltassrv.com, 107
*.laagstehypotheekofferte.nl, 28
*.celebritymovieblog.com, 8
*.mylife.com, 11
*.ads-creativesyndicator.com, 6
*.adxpose.com, 45
*.iciodel.in, 2
*.purenetworks.com, 42
88.208.23.102, 1
*.roitesting.com, 5
174.133.38.42, 3
*.mashumba.com, 30
*.passport.com, 54
*.criteo.com, 32
*.pctvsystems.com, 12
*.brightedge.com, 3
*.lekool.com, 19
*.wehateporn.com, 141
*.cmu.edu, 6
*.ebonyassporno.com, 10
82.165.139.107, 11
82.165.139.106, 5
174.120.185.26, 1
*.unica.com, 118
*.ethnicpass.com, 27
*.mkt1529.com, 14
*.slate.com, 65
222.88.205.218, 3
*.factiva.com, 2
*.fimservecdn.com, 2
*.qanda.be, 4
*.hon.ch, 1
*.creativeblackandwhitephotography.com, 6
*.buildingbodies.ca, 6
174.120.185.42, 10
*.ivillage.com, 48
*.mail-scjohnson.com, 1
*.bbelements.com, 19
*.nu.net, 1
174.120.185.34, 1
*.topblogging.com, 33
*.fastclick.net, 349
*.trafficjunky.net, 25
*.ob.org, 1
*.friendsofzambia.com, 10
*.pardot.com, 34
*.ovh.org, 1
*.mavenapps.net, 2
*.moviefap.com, 1
*.plos.org, 36
*.pixelinteractivemedia.com, 21
*.ifoesqyokm, 1
*.nostrings.com, 2
*.gamespot.com, 3
*.cqcounter.com, 4
*.digitsmith.com, 14
*.ytsa.net, 11
*.zoo-tube-365.com, 2
*.perfectgirls.net, 238
*.bbc.com, 28
*.gsmarena.com, 736
174.120.185.66, 2
*.insight.ly, 4
*.agateli.com, 3
*.campaigncontribution.com, 1
*.iloveretroporn.com, 119
*.comcast.net, 2103
*.baobabcollege.org, 92
*.com-strong-id.net, 2
*.sxtracking.com, 5
*.jobopenings.ph, 1
*.expedia.com, 905
*.live.com, 9733
*.loudtronix.com, 111
58.150.174.222, 8
*.nu.nl, 4773
*.ltfm.ca, 13
*.roundandbrown.com, 42
*.wowallpapers.com, 1
*.dynoisp.com, 7
*.rnb.com, 3
*.edwardkhoo.com, 35
*.ow.ly, 4
*.chrdablog.org, 1
*.blogads.com, 26
*.admatchlab.com, 10
*.ajiang.net, 2
*.x-tremegeek.com, 38
*.amateurmatch.com, 68
*.wirelessu.org, 347
*.craveonline.com, 6
*.statto.com, 22
94.100.125.12, 1
*.co.nz, 816
*.hp-ww.com, 155
*.tubemogul.com, 817
*.socialpets.net, 4
*.1minutecure.com, 9
*.mcssl.com, 5
*.beyonceonline.com, 90
*.mhc.se, 3
*.envato.com, 18
*.contentfeed.net, 3
*.toteme.com, 1
*.edgefcs.net, 51
*.cooksrecipes.com, 7
*.telegraaf.nl, 281
*.videomaker.com, 207
*.agoda.com, 9
*.astronutrition.com, 50
*.uniovi.org, 1
*.theplatform.com, 2
*.mailshell.com, 3236
87.106.248.187, 987
*.googleapis.com, 2000
94.100.125.17, 2
77.238.187.185, 1
*.samsung.com, 109
77.238.187.186, 4
69.16.188.144, 4
*.millenniumakkoorden.nl, 16
*.football-news.com, 27
*.weightloss-hq.biz, 44
*.tcgmsrv.net, 5
*.tvgenius.net, 2
*.etology.com, 25
*.alt.com, 2
*.bible.cc, 62
*.ashleymadison.com, 21
*.freesocialbuttons.com, 2
*.codernigeria.org, 1
*.ppcmbo.com, 41
*.zain.com, 8
*.uni.cc, 13
*.ebaystatic.com, 183
*.gifsanimes.net, 2
*.facebooksex.com, 3
*.freshwap.net, 87
*.adtechus.com, 104
*.nsrc.org, 17
*.fonearena.com, 48
*.co.ls, 31
*.printablegamesatoz.com, 3
*.nederland3.nl, 1
*.pcworld.com, 7
*.self.com, 126
*.safecart.com, 1
*.musiclist.us, 4
*.globalmapper.com, 11
backup30.url.trendmicro.com:80, 218
*.bloghub.com, 2
*.mystart.com, 45
*.sleepcreep.com, 2
*.lbl.gov, 2
*.thestaffrecommends.com, 2
*.myopera.com, 34
*.less.dk, 28
*.hf.cz, 77
*.linkwithin.com, 79
*.salkkaaram.com, 4
*.parentingworld.net, 1
*.bloggernow.com, 1
*.oqsxjmgahu, 1
*.gsu.edu, 1
87.248.115.134, 1
*.ajcn.org, 43
*.legacy.com, 4
*.cbleads.com, 4
*.docstoccdn.com, 80
*.jda.com, 92
94.100.120.193, 1
*.chitika.net, 403
*.applicationstat.com, 16
*.nysedregents.org, 48
*.shaggit.org, 3
*.smartadserver.com, 373
*.givemefootball.com, 314
*.avg.com, 4685
*.sixapart.com, 32
*.ero-advertising.com, 34
*.co.jp, 4895
*.bitrhymes.com, 29
*.ibsrv.net, 733
*.dailyhealthalerts.com, 27
*.sedoparking.com, 60
*.youtube.com, 2691
*.bloglovin.com, 1
94.100.120.187, 1
94.100.120.163, 1
*.tabblo.com, 1
*.topgear.gr, 406
*.xoopit.com, 7
94.100.125.21, 1
*.vpimg.net, 196
*.aidshealth.org, 41
*.netvibes.com, 2
*.snowwowl.com, 21
*.u-233.info, 18
*.muziboo.com, 197
*.co.in, 8
*.flux.com, 14
*.scrnshots.com, 19
*.wordcycler.com, 6
*.hottestonly.com, 9
*.giveawayoftheday.com, 140
*.nature.com, 1845
*.bet365affiliates.com, 173
*.toptravellingtips.com, 5
94.100.120.157, 2
*.travellogger.com, 133
94.100.120.155, 1
*.blogrunner.com, 2
94.100.120.153, 3
*.spicycelebrities.com, 4
94.100.120.174, 1
*.jove.com, 4
*.visualthesaurus.com, 22
*.mysmithmicro.com, 14
*.calciomercato.com, 1
*.ahcdns.com, 31
*.lovelysms.com, 80
*.mycricket.com, 35
*.u3.com, 5
*.mediadome.ru, 8
*.stanjamesaffiliates.com, 1
*.eurasiaregion.org, 3
*.websimages.com, 119
*.yobt.com, 71
*.bodylastics.com, 4
*.nih.gov, 717
*.allprohomeinsp.com, 1
*.yandex.net, 12
*.trialpay.com, 39
*.adlink.net, 5
*.muscleandfitness.com, 6
94.100.120.169, 1
*.idisearch.com, 2
94.100.120.166, 1
*.howstrange.com, 1
*.ceipmsn.com, 4868
*.postup.com, 26
*.auburn.edu, 4
*.addtoany.com, 150
*.tyyuhjntwn, 1
*.chiefingredient.com, 2
*.connextra.com, 1230
*.musicradio.com, 1
*.prlog.org, 7
*.halogennetwork.com, 5
*.cpxinteractive.com, 279
*.infospace.com, 5
*.4mylovee.com, 24
173.203.98.244, 9
*.googlesyndication.com, 8706
*.terena.org, 22
74.54.138.146, 6
*.gcstatic.com, 82
*.infolinks.com, 2881
212.67.88.71, 9
94.100.120.137, 1
94.100.115.233, 1
74.52.200.98, 1
94.100.120.135, 1
94.100.115.235, 2
*.audible.com, 14
*.is.gd, 5
94.100.120.133, 1
*.cnet.com, 510
94.100.120.134, 1
94.100.120.131, 1
94.100.120.151, 3
*.yellowcardunion.com, 6
*.revouninstaller.com, 1
*.aidsmark.org, 1
*.recipeland.com, 3
*.joyofbaking.com, 110
*.guernicamag.com, 14
*.onlytease.com, 1
*.britishcouncil.org, 148
*.ilovefreepussy.com, 3
*.ebaydesc.com, 2
*.speedtest.net, 50
94.100.120.148, 1
*.icams.com, 2
*.manofest.com, 2
94.100.123.137, 2
*.axotccgwpl, 1
*.skimresources.com, 6
*.thepetitionsite.com, 14
*.hi5.com, 20
*.list.ru, 11
*.akadns.net, 100
*.quickmath.com, 45
*.sciencedaily.com, 43
*.familyeducation.com, 6
*.lnkd.in, 2
*.freebase.com, 7
94.100.123.135, 1
69.93.227.202, 2
*.gensantos.com, 42
94.100.120.118, 1
94.100.120.115, 4
*.igoebay.com, 1
*.luna.net, 1
94.100.120.112, 1
74.54.138.162, 1
*.podomatic.com, 93
*.csoonline.com, 2
*.snowboards360.com, 65
*.scholarshipapplication.info, 34
*.cutegirlporn.com, 57
*.hotel.de, 70
evsecure-ocsp.verisign.com:80, 40
*.xcitefun.net, 1
75.125.212.74, 5
174.133.30.210, 1
*.iied.org, 2
*.thefamilygp.com, 54
*.projectwonderful.com, 2
*.demo.com, 3
*.adotube.com, 11
*.liutilities.com, 3
*.reframeit.com, 156
*.pond5.com, 36
*.bmj.com, 100
*.eroglamour.com, 2
208.94.232.150, 68
*.familylink.com, 3
*.consultingcase101.com, 13
*.topsitesfitness.com, 5
*.newsdemon.com, 1
*.coedmagazine.com, 3
*.adf.ly, 1
*.zntb.com, 1
*.benaturallywell.com, 2
*.taggedmail.com, 50
94.100.120.120, 2
*.revsci.net, 1880
*.smartdraw.com, 2
*.securestudies.com, 220
*.thomson.net, 3
*.diytrade.com, 23
*.openx.org, 8404
*.ncsu.edu, 23
*.gsmcityinc.com, 4
*.pervpornsites.com, 15
*.citehr.com, 5
*.linksystems-uk.com, 18
69.16.188.110:80, 4
*.zambianewsfeatures.com, 9
*.reliefweb.int, 33
*.ipv6monitoring.eu, 3
*.xmatch.com, 2
*.globalsources.com, 3
199.239.138.183, 15
*.entrecard.com, 5
*.cz.cc, 7
*.theonlinehealthguide.com, 40
*.co.cz, 3
*.wtp101.com, 8
*.insecure.org, 3
*.amtk-media.com, 8
*.storewidesearch.com, 5
*.latimes.com, 103
*.abcam.com, 163
*.socialspark.com, 2
94.100.123.164, 2
94.100.123.163, 1
*.isms.com, 4
*.boblet.org, 4
*.supersport.com, 991
*.proting.com, 73
*.ddlspot.com, 9
*.onlinehome-server.info, 1344
*.reuters.com, 623
*.doteasy.com, 191
*.enquisite.com, 14
*.zghwcdtslh, 1
*.twat4u.com, 1
*.widgetserver.com, 106
*.co.cc, 57
94.100.120.106, 1
*.mog.com, 1
94.100.120.107, 1
*.starpulse.com, 2
94.100.120.105, 1
*.bizographics.com, 80
94.100.120.100, 2
*.apnewsregistry.com, 28
*.hearstmags.com, 53
*.xilisoft.com, 4
*.webcollage.net, 295
*.goodcooksrecipes.com, 1
*.academicservice.nl, 47
*.trailersandvideos.com, 43
*.tomwelch.net, 17
*.stvalentinesday.org, 68
*.mucacadownloads.com, 3
94.100.123.172, 2
*.utherverse.com, 2
*.nnbeivqwocoah.in, 3
*.spiderzrule.com, 123
*.oxfordjournals.org, 86
*.kismetwireless.net, 9
*.blogfa.com, 5
*.strength.org, 1
*.mobipocket.com, 2
*.lypn.com, 1
*.redlightcenter.com, 1
*.bangbuddy.com, 8
*.jhsph.edu, 341
*.lionsdenu.com, 2
*.answcdn.com, 350
*.hs-esslingen.de, 3
*.amigofish.com, 1
*.mathtag.com, 379
*.montrealgazette.com, 402
*.pnc.com, 6
*.backseatcuddler.com, 2
*.marriedbutlonely.com, 8
46.45.138.126, 3
*.puertoricovip.com, 1
*.oas.org, 6
*.wikimapia.org, 31
*.aafeed.com, 111
*.utube.com, 46
*.vodahost.com, 1
*.4fitnessnutrition.com, 38
*.e-magin.se, 28
*.checkm8.com, 158
*.revenuewire.net, 1
69.93.227.234, 9
*.japanesevehicles.com, 1362
*.hulu.com, 14
*.shoplocks.com, 107
*.unesco.org, 7
*.whitelabeldating.com, 9
*.preparedfoods.com, 18
*.nudecelebsmagazine.com, 10
*.grimx.com, 1
*.truthaboutabs.com, 25
*.rankingthenews.nl, 6
*.xvideoslive.com, 134
*.mit.edu, 13
*.netdna-cdn.com, 94
109.228.14.203, 17
*.voilanetwork.com, 4
*.plymedia.com, 12
*.edgeboss.net, 1
*.bleacherreport.net, 764
*.indiatimes.com, 1
*.burstdirectads.com, 73
*.showgirlzexclusive.com, 127
*.shortyawards.com, 1
*.netconversions.com, 2
*.downloadnew.org, 39
*.rstmh.org, 45
*.computerworld.com, 92
*.gmtracker.com, 10
*.oanda.com, 907
94.100.114.140, 1
*.eamobile.com, 3
*.elsevierhealth.com, 39
*.acetoolonline.com, 74
*.dmtracker.com, 82
74.54.25.114, 1
*.huffpost.com, 2151
*.vuze.com, 45
*.ofwguide.com, 11
*.nfl.com, 82
*.beemp3.com, 66
*.google.com, 961956
*.manjoin.com, 6
74.55.74.130, 2
*.iu.edu, 15
*.nigeriancuriosity.com, 1
*.viglink.com, 6
*.express-downloads.com, 64
*.sexycelebritygossip.com, 2
94.100.114.131, 1
tispro17-5-en.nfc.trendmicro.com:80, 1063
94.100.114.136, 1
94.100.114.137, 1
*.simplytechnology.net, 3
*.mofilm.com, 74
*.taleo.net, 2
*.cisco.com, 56
*.time.com, 1
*.ordomain.info, 8
*.footymad.net, 8
*.gavick.com, 1
*.18yearsold.com, 4
ocsp.thawte.com:80, 48
*.lovemasseges.com, 5
*.flattr.com, 12
*.thewheelof.com, 12
c5.ah.yahoo.com:80, 1
*.fixya.net, 100
*.blackpussytubes.com, 69
*.aclu.org, 46
*.vigilantejournalist.com, 1
*.qbinproduct.com, 1
*.freeonlineusers.com, 1
*.pgmediaserve.com, 25
*.avid.com, 5
94.100.114.123, 1
*.buttvids.com, 80
*.dxwatch.com, 2289
*.bestgirls4all.com, 47
*.ru4.com, 32
66.29.38.208, 3
*.dvdcdn.com, 50
*.miami.edu, 18
*.amgdgt.com, 191
*.hulkshare.com, 35
*.gngwane.com, 1
*.bizrate-images.com, 34
*.foreseeresults.com, 1
*.yfum.com, 15
*.infogue.com, 3
*.hollywooditoria.com, 2
94.100.120.31, 1
94.100.120.32, 3
*.weightlossandtraining.com, 55
*.nextscholarships.com, 9
*.mlb.com, 140
*.llnwd.net, 474
*.homosrus.com, 4
*.roxio.com, 28
*.classesusa.com, 9
*.canonical.com, 33
*.waste.org, 19
*.start-tv.com, 1
*.intensedebate.com, 21
*.amung.us, 8384
94.100.120.34, 2
*.itu.dk, 4
*.p-td.com, 6
216.252.121.32, 1
*.go-mono.com, 89
*.zimbabwesituation.com, 124
*.ptf.com, 441
*.buzzlr.com, 1
*.luvcube.com, 4
94.100.120.40, 1
94.100.114.181, 1
*.quotationsbook.com, 38
*.ionchannels.org, 22
94.100.120.41, 1
*.y-jesus.com, 4
*.imensagens.com, 6
*.smrdpmntra, 1
*.specificclick.net, 100
*.bva-auctions.com, 10
*.rwth-aachen.de, 53
*.justinbiebermusic.com, 104
*.technologyevaluation.com, 32
*.printfriendly.com, 8
*.loading321.com, 719
*.usu.edu, 206
*.dailyfinance.com, 1
*.lubrizol.com, 1
*.yellowpages.ca, 14
94.100.120.49, 1
*.rsys4.net, 7
*.webhits.de, 1
*.allafrica.com, 149
*.fleshbot.com, 39
*.im1music.net, 797
*.ghalliem.net, 9
94.100.114.176, 1
*.ohio-state.edu, 2
*.mybrowserbar.com, 28
*.co.za, 1364
*.edu.zm, 607
*.blogger.com, 538
*.avira-update.com, 283
*.co.zw, 598
87.106.12.47, 6
*.entrust.net, 57
*.ebusiness-watch.org, 1
*.xmind.net, 33
*.open-scholarships.com, 3
*.onenewspage.com, 5
*.co.zm, 17443
*.2girlsteachsex.com, 150
94.100.114.162, 2
*.mochimedia.com, 196
*.microsofttranslator.com, 1
*.mailchimp.com, 137
94.100.120.20, 1
*.gravity.com, 7
*.axillsearch.com, 1519
*.ottawacitizen.com, 6
*.shopping.com, 43
*.grandchallenges.org, 56
*.weather-feed.com, 3043
*.libsyn.com, 9
69.16.188.113:80, 2
*.abujacity.com, 1
94.100.116.4, 2
94.100.116.7, 2
*.exploitedfame.com, 2
94.100.120.24, 2
*.kaplan.com, 161
94.100.120.28, 2
*.freebetting.net, 1
*.bnqt.com, 5
*.davinci.com, 1
*.nonnudemodels.net, 82
*.schoolexpress.com, 25
*.paxpkcpbgi, 1
*.alnscholarshipfund.org, 24
*.wireshark.net, 28
*.longtailvideo.com, 41
*.yamaha.com, 284
*.whatismyipaddress.com, 18
*.virtuagirlhd.com, 6
*.fundacionctic.org, 31
*.tenthousandvillages.com, 5
*.dryfireproductions.com, 1
69.16.188.137:80, 2
*.jqueryui.com, 3
*.diabetesmine.com, 2
*.toshiba.com, 2
*.500px.com, 1
*.ilikehotmail.com, 29
*.youknowbest.com, 2
*.alibaba.com, 66
*.gumtree.com, 4
88.208.61.8, 1
*.angelsmovies.com, 66
69.16.188.125:80, 1
*.carlostakei.com, 1
*.amazonaws.com, 509
*.adcentriconline.com, 1
*.rsijtwnqsa, 1
*.idaho.gov, 1
*.parktelusa.com, 2
*.rutube.ru, 2
*.emergentdiscovery.com, 16
ads.cnn.com:80, 82
*.loadinvest.info, 8
*.play1234.net, 1
*.raxco.com, 1
94.100.118.212, 2
*.christianlifecolumbia.com, 93
*.rationalpi.com, 5
*.iamplify.com, 8
*.wheretobuyguide.com, 2
63.251.144.195, 42
*.crazyerotica.net, 36
94.100.118.228, 4
*.media-imdb.com, 316
*.etradezambia.com, 51
*.contextweb.com, 159
*.maximindia.in, 221
*.people.com, 1
*.billboard.cz, 13
*.blogcatalog.com, 12
*.windows.com, 123
*.2020ok.com, 27
*.getsubscribers.com, 2
*.myfit.ca, 180
*.jpmchase.com, 3
*.omni-exports.com, 12
*.ritzcamera.com, 11
*.earnparttimejobs.com, 93
*.pacificnews.org, 3
*.opendns.com, 151
*.co.tv, 1
*.tbdbplwspe, 1
*.drghwaweg45j4i6u3q32fg2h.com, 5
*.findyourbodytype.com, 16
*.duarte.com, 1
*.dayspring.com, 160
94.100.118.232, 2
*.outofaces.com, 1
*.co.us, 1
*.toggle.com, 78
*.trquebec.in, 2
*.nplusonemag.com, 21
*.bluelithium.com, 1766
*.zoomflow.com, 7
*.faniq.com, 15
*.co.uk, 25400
96.9.157.39, 8
*.psxextreme.com, 2
*.owneriq.net, 4
*.whichwaynigeria.net, 1
*.dhgate.com, 29
*.veruta.com, 1
*.techcrunch.com, 4
*.enet8.com, 2
*.webs.com, 225
*.4dots.com, 36
*.humbledaisy.com, 26
*.porkolt.com, 2
*.penthouse.com, 107
*.timeinc.net, 23
*.truste.com, 135
*.netsolssl.com, 17
*.picsearch.com, 21
*.buienradar.nl, 2
*.mobileread.com, 4
174.133.198.138, 1
*.envisageinternational.com, 110
*.alenty.com, 6
*.tdnameservers.com, 1
*.facebook.net, 717
*.twittercounter.com, 9
*.wildtangent.com, 3
*.offerforge.com, 1
*.karmayog.org, 24
*.nippon.to, 11
*.foodieblogroll.com, 1
*.lijit.com, 78
*.openwetware.org, 38
*.z24.nl, 6
*.krystalforscutt.org, 5
*.bumpersoft.com, 52
*.od2.com, 25
*.epocrates.com, 340
*.checkmytrip.com, 14
*.cisco-eshop.com, 85
*.nnoromazuonye.com, 1
*.georgetown.edu, 5
*.online-metrix.net, 3
*.stripshow.com, 49
*.do-not-click.org, 1
*.betrad.com, 7
*.nvisionugmonitr.com, 23
*.pornotube.com, 2
*.livescore.com, 470
*.sexsearchcom.com, 36
74.55.74.138, 8
*.qpjnwbmtnu, 1
*.budgeting.com, 7
*.adam.com, 1
*.kickasstorrents.com, 915
*.iopblogs.com, 1
*.howstuffworks.com, 2
*.mobireach.com, 27
*.tribalfootball.com, 23
*.searchexplorer.com, 10
*.yourictmagazine.com, 71
*.francewatcher.com, 1
*.cbsimg.net, 6
*.adspirit.de, 14
*.kwani.org, 1
*.manta.com, 15
*.kickoff.com, 9
*.blogspot.com, 2079
*.affiliatewindow.com, 24
*.flyingmission.org, 33
*.apple.com, 5246
*.foodnetwork.com, 95
*.adadvisor.net, 64
*.tnzxrvzwwr, 1
*.zwani.com, 12
*.mistermedia.nl, 57
*.ypsilon.net, 2
*.footballfanatics.com, 1
*.edu.gr, 64
89.202.149.36, 66
*.tr-af.com, 1
*.lucastadvertising.com, 50
*.tnr.com, 11
*.foreignaffairs.com, 55
*.coedmediagroup.com, 12
*.adbrite.com, 2692
94.100.118.168, 1
*.hogamthfox, 1
*.megastock.ru, 1
*.bigpoint.com, 6
*.peers.me, 80
*.autocontactor.com, 1
*.realtravel.com, 9
*.revival-library.org, 34
*.dkmsoftware.com, 14
*.jquerytools.org, 2
*.taxcut.com, 2
*.afrik-news.com, 1
*.toplatinmodels.net, 503
*.drivercure.com, 1
*.affutd.com, 17
*.kvdnvlaardingen.nl, 78
*.all-celeb-fakes.com, 52
*.favicon.ico, 2
*.picktorrent.com, 24
*.touriststock.com, 3
*.navigateboomermedia.com, 11
*.boingo.com, 61
*.couponclipper.com, 15
*.incredibarvuz1.com, 17
*.dishpointer.com, 9
87.106.52.56, 974
173.208.151.26, 25
*.demdex.net, 105
*.spylog.com, 13
*.onethousandmodels.com, 40
*.omtrdc.net, 30
*.altervista.org, 31
94.100.118.171, 1
*.realbigcoocks.com, 1
*.uni-kl.de, 1
*.rivals.com, 2
*.photobucket.com, 233
*.pcmag.com, 43
*.aolcdn.com, 30
*.trafficregenerator.com, 11
*.un.org, 1
*.lusakatimes.com, 20387
*.appliedsemantics.com, 2
*.themedicalquestions.com, 14
*.netdirect.nl, 7
*.tastefullysimple.com, 58
*.lusakatime.com, 8
*.legolas-media.com, 15
*.statcounter.com, 386
*.fanpix.net, 74
*.ct-miami.com, 2
*.icdirect.com, 4
94.100.118.184, 1
*.nzbmatrix.com, 65
*.pdf995.com, 9
*.moviesplanet.com, 126
*.yahoo, 2
*.hfjirtywan, 1
*.cdngc.net, 2
*.evimalar.org, 160
*.offermatica.com, 5
*.svlu.net, 913
*.dmdentertainment.com, 3
*.wikio.com, 1
*.searchcentralsite.com, 1
*.pornpros.com, 74
*.nuseek.com, 45
*.netklix.com, 2
*.lddwj.com, 225
*.adhese.com, 27
*.ftjcfx.com, 20
94.100.118.195, 1
*.unibet.com, 10
94.125.254.84, 63
*.busuu.com, 6
*.canadianplanet.net, 1
*.altitudedigitalpartners.com, 29
*.bloodyelbow.com, 1
*.wovencube.com, 51
*.harrenmedianetwork.com, 5
94.100.118.122, 2
*.virginfuels.org, 2
*.fingerprintapp.com, 1
*.metricsdirect.com, 2
*.dayup.org, 4
*.adoperator.com, 2
*.meetic.com, 149
*.cpmadvisors.com, 1
*.macharesearch.org, 11
*.gamermoves.com, 5
*.hotelscombined.com, 15
*.femalefirst.net, 13
*.dellsupport.com, 2
*.cellpex.com, 6
213.8.137.51, 11
210.188.204.90, 4
*.orgasmcams.com, 2
94.100.118.133, 2
*.thawte.com, 1494
*.ntchosting.com, 1
*.spankwire.com, 1
94.100.118.131, 1
*.cooleasy.com, 5
94.100.118.136, 1
*.twingly.com, 16
*.nationaltreasure3trailer.com, 2
*.gamehecko.com, 1
*.oggifinogi.com, 33
*.globalmediapro.com, 30
*.cupidmedia.com, 9
*.baidu.com, 82
*.upnd, 3
*.pdf-format.com, 49
*.ias2009.org, 25
*.megaleecher.net, 39
69.16.188.141:80, 1
*.essortment.com, 7
*.morethings.com, 1
*.fmrucrrldp, 1
74.52.200.114, 2
*.homedepotemail.com, 48
*.302br.net, 1
*.ctasnet.com, 181
*.comminit.com, 62
*.ilaqxmtivt, 1
*.fulltiltpoker.com, 2
*.phrontistery.info, 7
*.host22.com, 2
*.acswebnetworks.com, 2
*.googleearth.com, 1
*.dreamthisday.com, 14
*.e-library.net, 130
*.speeddate.com, 165
*.grants.gov, 89
*.moonraymarketing.com, 5
*.cyberdefender.com, 8
*.loki.com, 1
*.sbaffiliates.com, 3
94.100.118.154, 1
*.go2jump.org, 12
*.paessler.com, 28
*.onlinestatbook.com, 12
*.usatoday.com, 94
*.ap.org, 1
94.100.120.71, 1
*.msecnd.net, 101
*.kewego.com, 61
94.100.120.70, 2
94.100.120.73, 2
*.africancolours.com, 1
74.55.228.242, 1
94.100.120.75, 1
94.100.120.74, 1
*.pmhclients.com, 1
*.japan-partner.com, 175
*.coldwatercreek.com, 23
*.skynet.be, 2
*.bildero.net, 1
*.webshots.net, 151
*.nbc.com, 2
*.bvrp.com, 7
*.easterntimesonline.com, 52
*.edu.ps, 3
*.nikonusa.com, 425
*.imwx.com, 1216
*.mrmakepeace.net, 4
94.100.120.83, 2
80.121.152.14, 4
*.facebookofsex.com, 30
*.lsimg.net, 85
*.bindonart.com, 12
*.fluxstatic.com, 3
*.w3counter.com, 3
*.amimg.net, 9
*.netseer.com, 18
*.roundinterracialbooty.in, 11
*.imagebam.com, 4
*.scribdassets.com, 1030
*.npr.org, 88
*.sitesforteachers.com, 1
*.ansa-africa.net, 1
*.iperceptions.com, 24
*.kizoa.com, 1
*.arsenalfc.com, 3
*.webring.com, 848
*.edu.mt, 32
94.100.120.52, 2
94.100.120.55, 1
*.edu.my, 135
*.gnome.org, 7
*.sublimemedia.net, 6
*.openwall.com, 8
*.lawrence.com, 3
*.ieadtrack.com, 7
94.100.121.9, 2
87.106.241.149, 1010
*.edu.ng, 1
*.nuggad.net, 37
*.qnsr.com, 13
94.100.120.236, 1
*.sndimg.com, 147
94.100.120.237, 1
*.getsmartnews.net, 9
*.sl-reverse.com, 156
*.parenting.com, 48
*.edu.lv, 1
*.gracembipomfoundation.org, 7
*.cursormania.com, 4
*.publicaster.com, 8
*.kuweniserious.org, 1
*.cleanprint.net, 76
*.gaynau.eu, 1
*.turner.com, 3911
*.meetic-partners.com, 16
*.meetic-affinity.com, 18
*.monsterup.com, 2
94.100.120.68, 1
*.dl-rms.com, 135
*.wikispaces.com, 34
94.100.120.67, 2
*.flysaa.com, 44
*.studiorealms.com, 1
*.tracklead.net, 1
94.100.120.241, 1
*.adrolays.de, 14
*.neweggimages.com, 18
*.macrumors.com, 48
*.world-guides.com, 1
*.glam.com, 178
*.cl.ly, 7
*.laptoppricelist.in, 28
*.worldtimeserver.com, 2
*.zdnet.com, 38
*.adinterax.com, 164
*.uio.no, 3
*.adoftheyear.com, 3
209.62.25.218, 2
*.buzznet.com, 1
*.hearstdigital.com, 5
*.adjug.com, 51
*.soberfind.com, 2
*.adyea.com, 2
*.webgains.com, 2
*.ignitad.com, 34
*.farolatino.com, 35
*.worldlingo.com, 10
94.100.120.217, 1
*.businessite.net, 4
*.barclayspremierleague.com, 208
*.sascentral.com, 1
*.marxists.org, 4
*.who.int, 134
94.100.120.213, 1
94.100.120.211, 1
*.intopicmedia.com, 1
*.edu.tw, 5
*.ip.ro, 3
*.farlex.com, 8
*.tmz.com, 1
*.extremebodyworkout.com, 52
205.188.203.153, 515
*.edu.sa, 1
*.nymag.com, 194
*.yellowfiber.net, 6
94.100.114.102, 2
94.100.114.105, 1
*.sokrati.com, 7
*.comedy-clips.com, 24
*.onesite.com, 49
*.gazduiretm.eu, 3
*.glimboo.com, 10
*.media-allrecipes.com, 62
*.hakainde.com, 61
*.teach-ict.net, 1
*.ipmart.com, 284
94.100.120.220, 2
94.100.120.92, 3
*.doubleverify.com, 57
*.money4ads.com, 1
*.switchadhub.com, 4
*.myfoxy.net, 12
*.go2web20.net, 10
94.100.120.99, 2
*.conduit-storage.com, 1
*.aliimg.com, 89
94.100.120.98, 3
*.centrebet.com, 2
*.wordpress.com, 3381
*.sexinfo101.com, 203
*.zimbojam.com, 189
94.100.120.91, 6
94.100.120.90, 1
*.dolaza.com, 1
*.secure-softwaremanager.com, 4
*.bodytrack.net, 1
*.pixhost.info, 4
*.avg.cz, 1102
*.pheedo.com, 12
*.pulsemgr.com, 16
*.mrskin.com, 10
*.fuckzilla.org, 25
*.orgasm.com, 40
*.coreroutine.com, 45
*.tagged.com, 2790
*.gliffy.com, 83
*.adserverplus.com, 34
*.arbocontext.ro, 1
*.quicken.com, 33
*.theplace2.ru, 77
*.advance-africa.com, 948
*.isite.net, 62
*.sohoeditors.com, 22
*.opencandy.com, 7
*.xingadserver.com, 2
*.contohartis.com, 2
94.100.120.207, 1
*.hyperwebads.com, 52
*.buildfree.org, 9
94.100.120.204, 2
*.redtube.com, 213
*.vindicosuite.com, 1
*.toodledo.com, 114
*.africaworksgpz.com, 1
*.faagame.com, 2
*.sociolingo.com, 1
*.tynt.com, 346
*.wixpress.com, 5
*.intellicast.com, 367
*.tribalfusion.com, 828
*.trafficmp.com, 16
*.ebaycoupon.us, 4
94.100.121.223, 1
*.rnw.nl, 15
*.goodgirlsbank.com, 2
*.rackspacecloud.com, 140
94.100.121.221, 1
*.intext.ro, 1
*.fastmail.fm, 10
*.allblogtools.com, 43
*.installshield.com, 4
*.ringsidereport.com, 63
*.worldmalariaday.org, 2
*.yccd.edu, 4
*.ameriprise.com, 70
*.cosmopolitan.com, 448
*.cdnlayer.com, 73
*.wsj.net, 494
*.sharethis.com, 460
94.100.121.212, 1
*.it46.se, 44
*.orangeshark.com, 364
*.francemy.com, 3
*.hbytracker.com, 8
*.arabist.net, 1
82.165.142.210, 267
*.xpdrivers.fr, 33
*.away.com, 52
*.hollybible.com, 1827
*.ntt.com, 33
*.yorku.ca, 2
*.mhprofessional.com, 1
*.mastergreetings.com, 30
*.pyoowata.com, 1
*.zanzibar-holiday.com, 4
*.zedload.com, 41
*.freegadgetworld.com, 2
*.adreadytractions.com, 2
*.meaningtool.com, 6
*.lycos.com, 566
*.livescores.com, 104
*.sobees.com, 6
bwhome.logitech.com:80, 192
*.livefilestore.com, 5
*.bskyb.com, 670
*.sherdog.com, 199
*.bootyopoly.com, 1
*.indosplace.com, 385
*.hycqmxqkus, 1
*.japanesecars.com, 3
*.tohlwvccbs, 1
*.daredorm.com, 12
*.art.com, 6
*.choicesmagazine.org, 1
*.shopperreports.com, 43
*.luyto.ru, 2
*.dissentmagazine.org, 19
*.asm.org, 66
*.affinity.com, 12
*.fifa.com, 198
*.edgecastcdn.net, 1
217.160.184.75, 48
*.enterinside.in, 181
*.pervnetwork.com, 7
*.nxjimg.com, 70
*.celebs101.com, 38
*.littlewhitedog.com, 17
*.cmmeglobal.com, 16
*.adcopy.com, 9
*.usa-people-search.com, 44
*.bannedcelebstour.com, 3
*.directtrack.com, 1
*.mp3zee.com, 24
*.usairways.com, 32
*.aidthoughts.org, 1
*.gnupg.org, 26
*.kbmj.com, 42
*.sstatic.net, 26
*.ooyala.com, 33
*.inkfrog.com, 4
*.adxpansion.com, 3
*.juno.com, 127
*.tescomobilepaymonthly.com, 76
*.googlepages.com, 19
*.divx.com, 4
*.advertserve.com, 36
*.2mdn.net, 2096
*.altavista.com, 5
*.berlinbooks.org, 30
*.eyari.org, 6
*.vsrltjuago, 1
*.surphace.com, 9
*.cheapflights.com, 130
*.acca-info.com, 3
*.nonnudegirls.org, 2
*.oprah.com, 78
*.99static.com, 57
*.bfi0.com, 82
*.twiturm.com, 6
*.editorialmanager.com, 159
*.fun2000.de, 104
*.worthathousandwords.com, 2
*.livefaceonweb.com, 3
*.embravenist.com, 10
*.speedtouch.com, 1
*.dharma.org, 2
*.clkads.com, 25
*.videoegg.com, 17
*.continental.com, 4
*.astonvilladailynews.com, 1
*.ziffdavis.com, 11
*.fatcatsoftware.com, 2
*.fitnessgenerator.com, 10
*.smswinks.com, 16
*.videcom.com, 106
*.accaglobal.com, 157
*.thecollaboratoryonline.org, 4
*.motorsportdealers.com, 9
*.gpg4win.org, 9
*.smithwigglesworth.com, 48
*.buzzfeed.com, 38
*.campcash.info, 2
*.bit-tech.net, 3
*.delelisten.no, 6
*.ecu.edu, 23
*.investrustbank.com, 28
*.socialmarker.com, 1
*.zemanta.com, 11
*.fundootimes.com, 26
*.dpwn.net, 13
*.webcooltips.com, 4
*.contentabc.com, 80
*.sumanasinc.com, 26
*.remotematters.com, 4
*.tradepub.com, 6
*.xpdrivers.de, 56
*.topofblogs.com, 12
*.sptag.com, 13
*.ziddu.com, 1
*.docstoc.com, 20
*.bikinijump.com, 5
*.turfster.com, 113
*.mecnjqxqju, 1
*.streamos.com, 1
*.visiblemeasures.com, 53
*.quotes4all.net, 1
*.bibleschools.com, 1
*.fileavenue.net, 4
*.adultminigames.com, 1
*.netline.com, 1
*.themusicbay.com, 17
*.echospin.com, 12
94.100.114.65, 2
94.100.114.66, 1
*.myroitracking.com, 44
*.bitchpleaz.com, 2
*.keptarolo.com, 1
*.mzbfzemuke, 1
*.clickfuse.com, 32
94.100.126.65, 1
*.meetlocals.com, 104
*.cubics.com, 17
*.footagefirm.com, 90
*.mediaplex.com, 591
*.govdelivery.com, 2
91.217.162.230, 3
94.100.114.57, 1
*.pro-market.net, 43
*.40ozbounce.com, 163
*.geekwithlaptop.com, 31
*.nikkiscash.com, 2
*.realtouch.com, 9
*.zenithbank.com, 26
*.bd.com, 42
*.worldtimezone.com, 67
*.bandbreed.nl, 2
*.roiserver.com, 13
*.knowthis.com, 55
*.certifyme.com, 20
*.kioskea.net, 54
*.myce.com, 12
*.owned.hu, 3
*.kaspersky-labs.com, 69
*.zamtunes.com, 1334
*.profcast.com, 2
*.bramcohen.com, 6
*.fwlljmebyv, 1
*.flurry.com, 38
*.dbelmkznte, 1
*.eset.com, 74
*.umusic.com, 1
*.fareportal.com, 4
*.zeusclicks.com, 40
*.thecitizensdemocraticparty.com, 54
*.cb-content.com, 2
ads.raasnet.com:80, 2
94.100.114.81, 2
*.bijbelstudie.net, 3
*.countrycoolaircon.com, 1
*.federatedmedia.net, 3
*.msu.edu, 2
*.meeter.com, 1
*.pbase.com, 16
*.amazon.fr, 2
*.instructables.com, 138
*.e-viral.com, 2
*.creativecommons.org, 10
*.odb.org, 90
*.madeinbrazilmag.com, 1
94.100.126.99, 1
*.babemag.com, 91
*.goucher.edu, 3
*.game-gt.com, 2
*.absdietonline.com, 68
*.arcsoft.com, 22
*.inskinmedia.com, 71
94.100.126.97, 2
*.hermann-uwe.de, 19
*.msgfocus.com, 2
*.e-travel.com, 43
*.nu.com, 2
*.fuckyoucash.com, 5
*.rizubiauto.com, 245
*.obeythisdeal.com, 4
*.blogtoplist.com, 36
*.atwola.com, 223
*.mensfitness.com, 428
*.engadget.com, 61
*.nagios.org, 48
*.fastferriestz.com, 17
*.woo55.com, 2
*.facebookloginnow.com, 18
*.optimizely.com, 4
*.topfreaks.com, 33
*.hwcdn.net, 42
*.speakertext.com, 1
*.premierelect.com, 22
*.evolvemediametrics.com, 3
*.xmplay.com, 7
*.foksuk.nl, 1
*.blinkx.com, 4
*.brothersoft.com, 295
94.100.126.78, 1
*.afrigator.com, 6
*.msndollies.com, 27
94.100.126.77, 5
94.100.126.76, 2
*.comixology.com, 13
*.peer39.net, 120
*.vrg.org, 16
*.menshealth.com, 1378
94.100.126.71, 2
*.nbvawnuibf, 1
*.cashpartners.com, 13
94.100.126.74, 2
*.derkeiler.com, 1
*.edu.au, 35
*.adaos-ads.net, 3
*.sharepic101.com, 2
*.topasianmodels.org, 29
*.vqronline.org, 31
*.hp.com, 2506
*.googlelabs.com, 12
*.innity.com, 2
*.bit.ly, 53
*.avu.org, 63
*.convio.net, 7
*.freewebsubmission.com, 1
*.porn-video-clips.net, 58
*.xgygrcroai, 1
*.jiwire.com, 23
*.performgroup.com, 241
*.locohost.net, 1
*.lottoaccount.com, 5
*.eclipsim.com, 4
*.lastfm.com, 1
*.odepilrmej, 1
*.iloveindia.com, 20
*.feedblitz.com, 2
*.publishflow.com, 53
*.canada.com, 9
*.xmradio.com, 10
*.picsrc.net, 1
*.xxxbunker.com, 1
*.ndcontent.com, 261
*.akamai.net, 855
*.tulane.edu, 15
*.medscape.com, 206
*.woopra.com, 3
*.adspeed.net, 7
*.rapidshare.com, 32
*.yourfreemusicdownloads.com, 41
*.fsdn.com, 19
*.edmontonoilers.com, 109
*.redcatsusa.com, 730
*.everythingfitness.com, 2
*.redirectingat.com, 1
*.nsobegamecamp.com, 26
*.paho.org, 1
*.distance-education.org, 33
*.alphagodaddy.com, 2
*.celebdefamer.com, 93
*.tradeholding.com, 97
*.atlas-mts.com, 19
*.ezinearticles.com, 115
*.sitemeter.com, 178
*.amazingcounters.com, 1
*.globalvoicesonline.org, 2
*.trafficsynergy.com, 25
*.reliablenews.com, 30
*.weselltraffic.com, 13
*.boylesportsaffiliates.com, 1
*.splgzqjxwc, 1
*.avanti247.com, 4
98.139.60.220, 97
*.schoolnetafrica.org, 1
98.139.60.221, 79
98.139.60.224, 172
98.139.60.225, 61
98.139.60.222, 40
98.139.60.223, 67
*.fullpi.net, 10
98.139.60.228, 42
98.139.60.229, 15
*.family.org, 20
98.139.60.226, 94
98.139.60.227, 23
*.034708F4193076BFDCED24EFBBA8C1CF.info, 1
*.veron.nl, 16
*.zambian-economist.com, 1
*.clocklink.com, 21
*.favoritelinks.net, 23
*.newegg.com, 610
*.networkedblogs.com, 15
*.paretologic.com, 11
98.139.60.213, 33
*.snappages.com, 34
98.139.60.214, 33
*.worldbank.org, 4
98.139.60.212, 43
98.139.60.217, 40
62.146.66.184, 8
98.139.60.218, 128
98.139.60.215, 38
98.139.60.216, 131
98.139.60.219, 16
*.realone.com, 24
*.mobilecityonline.com, 3
*.zambianwatchdog.com, 531
*.hippolodge.com, 66
ocsp.verisign.com:80, 37
195.95.193.49, 28
*.tubekings.com, 12
*.argifocus.com, 10
*.wareseeker.com, 50
*.ripside.com, 2
*.ezoqufsdee, 1
*.tucows.com, 195
*.dstvafrica.com, 1
*.favoritecartoons.com, 21
*.jvpdnnepof, 1
*.diggtrip.com, 4
98.139.60.242, 346
98.139.60.243, 226
98.139.60.240, 82
*.egotvonline.com, 42
98.139.60.241, 51
98.139.60.246, 39
98.139.60.247, 43
*.timbekker.com, 18
98.139.60.244, 67
*.alertpay.com, 3
98.139.60.245, 1
*.carjunction.com, 1489
*.mailonline, 4
98.139.60.248, 56
98.139.60.249, 60
*.sellpath.com, 5
*.dotsub.com, 2
*.stuffit.com, 49
*.ameriprisestats.com, 2
*.natwest.com, 45
*.clicksn.com, 3
*.verizon.com, 77
195.95.193.34, 170
*.amerihomesrealty.com, 14
*.salinafyi.com, 1
*.networksolutions.com, 71
*.msnbc.com, 8
98.139.60.231, 14
98.139.60.232, 27
*.nederland1.nl, 1
98.139.60.230, 127
98.139.60.235, 10
98.139.60.236, 57
98.139.60.233, 5
*.tech-faq.com, 71
*.spartanworkout.net, 8
98.139.60.234, 129
*.exchangemob.com, 2
98.139.60.239, 144
98.139.60.238, 3
*.wikimedia.org, 2872
*.compete.com, 16
*.bible.org, 54
*.focusonlinecommunities.com, 20
*.raasnet.com, 101
*.icio.us, 5
*.sexmatures.com, 7
*.trafic.ro, 4
*.twiter.com, 1
*.break.com, 6
*.admob.com, 428
*.freewebs.com, 43
*.importtuner.com, 2
*.adroll.com, 12
94.100.124.131, 2
*.wtam.com, 70
*.chobani.com, 69
*.maxim.cz, 314
*.footagefreaks.com, 1
*.adhostingsolutions.com, 1
*.ltxprjmrsw, 1
*.pubmed.com, 1
*.adsbookie.com, 11
*.bidvertiser.com, 14
*.squidoo.com, 6
94.100.124.135, 1
*.clicksor.com, 243
*.livejasmin.com, 112
*.embarkrewards.com, 15
*.searchmarried.org, 1
*.unicast.com, 445
195.95.193.56, 11
*.dstv.com, 212
*.huffington.com, 31
*.bearshare.com, 404
*.medleyads.com, 84
94.100.124.144, 1
98.139.60.251, 130
94.100.124.142, 2
*.kalahari.net, 2
94.100.124.140, 1
*.dbbsrv.com, 7
*.best-quotes-poems.com, 20
94.100.124.147, 3
*.altrec.com, 620
94.100.124.146, 1
*.disqus.com, 2753
mail09.sm.ihg.com:80, 2
*.ifom-ieo-campus.it, 5
*.rs6.net, 11
*.xtendmedia.com, 402
*.podomatic.net, 97
*.emarket-usa.com, 50
*.dsgibusiness.com, 55
*.asianmommy.com, 2
*.windowsmedia.com, 485
*.useful-apps.com, 17814
94.100.124.152, 1
*.stalbertgazette.com, 63
*.thefreedictionary.com, 15
94.100.124.159, 3
*.starsha.com, 10
*.ballhype.com, 2
*.bilenbiliyor.com, 14
*.naijafeed.com, 1
*.nexac.com, 68
*.pandora.tv, 10
*.christianbook.com, 5
*.zigglesearch.com, 4
*.ads.cc, 10
*.video4viet.com, 2
*.wgzambia.nl, 92
94.100.124.164, 4
*.1800flowers.com, 25
*.observer.com, 25
*.sesamestats.com, 9
*.affinitycircles.com, 12
*.bootyfullbabes.com, 106
*.typekit.com, 42
*.kenyanpundit.com, 1
213.216.145.123, 1
*.realtek.com, 3
*.rosaacosta.com, 5
*.simplebites.net, 63
94.100.121.171, 1
*.imgfarm.com, 269
*.folietto.at, 1
*.usnews.com, 69
*.newlifehardwoodfloors.com, 1
*.hotel-online.com, 5
*.chuug.com, 1
*.tribune.com, 1
*.fbcdn.net, 132637
94.100.124.179, 2
*.icq.net, 164
*.robertallenswealthpackage.com, 83
*.uolimg.com, 15
*.uni-mannheim.de, 9
*.scholars4dev.com, 2
*.sportschatplace.com, 63
*.nbcuni.com, 59
*.kayak.com, 158
*.facebookloginhut.com, 25
*.burwin.com, 55
*.wovencube.org, 2
*.gkpnet.org, 48
*.cellphonesupersale.com, 67
*.globalsign.net, 50
*.hertie-school.org, 10
*.chase.com, 15
94.100.124.184, 2
*.unescobkk.org, 1
*.qksz.net, 1
*.philippineblogs.com, 2
*.sk.im, 77
*.geldenrecht.nl, 4
*.uploadpic.org, 8
*.cetrk.com, 1
*.purpolabel.com, 4
*.topspin.net, 13
*.nbcudigitaladops.com, 13
*.vgwort.de, 2
*.redux.com, 470
*.yumenetworks.com, 2
94.100.122.6, 2
*.altoonamirror.com, 33
*.sales-volume.com, 3
*.sensepublishers.com, 2
94.100.122.9, 1
*.iwpr.net, 5
*.university-directory.eu, 64
*.chaosserver.com, 3
*.paultan.org, 89
*.browser-update.org, 1
*.pulserss.com, 2
94.100.122.3, 2
*.gwallet.com, 4
*.gostats.com, 2
*.nrelate.com, 12
*.prevention.com, 3
*.care2.com, 15
*.incredimail.com, 31
*.ajol.info, 5
*.mysimon.com, 105
94.100.121.137, 1
94.100.121.136, 1
*.ecdlkillarney.com, 4
*.privatelabelmusic.com, 44
87.106.241.90, 374
*.na.tl, 1
*.chtah.com, 123
*.pgcdn.com, 40
*.affinityperks.com, 1
*.film.com, 26
*.pluggedin.com, 18
*.txtmania.com, 11
*.gomlab.com, 1
*.ster.nl, 5
*.sophos.com, 104
*.zambeat.com, 53
ocsp.godaddy.com:80, 8
*.xpokey.com, 83
*.gunggo.com, 6
*.virtuagirl.com, 45
*.blogrankings.com, 5
*.sevenlawsofsuccess.com, 1
*.33across.com, 22
173.203.108.177, 10
*.rsys2.net, 2
*.tweetdeck.com, 3824
*.reverbnation.com, 2
*.public-trust.com, 15
*.christiansunite.com, 13
*.hopkinsglobalhealth.org, 26
*.ca.gov, 2
*.mediauk.com, 40
*.conviva.com, 40
*.healthcommunities.com, 1
*.mktoresp.com, 11
*.xy-1.com, 7
*.bigtop40.com, 2
*.wwwadcntr.com, 1
74.55.128.114, 1
*.independent.ie, 1
*.erasmusmc.nl, 674
*.getbutch.com, 20
*.evilgeniuschronicles.org, 19
*.vs4food.com, 33
*.kdukvh.com, 10
195.27.155.150, 965
*.omsportslink.org, 46
*.utorrent.com, 2
195.27.155.156, 19
195.27.155.151, 3
*.usertrust.com, 47
*.bleacherreport.com, 317
*.demandmedia.com, 1
*.1stwebdesigner.com, 13
*.global-challenges.org, 1
*.computerszine.com, 11
*.harvardmagazine.com, 40
*.sourceforge.net, 63
*.freevidstream.com, 12
*.exoclick.com, 233
*.izearanks.com, 1
*.amygrindhouse.com, 24
*.cardmemberservices.com, 1
*.mensfitnessguide.com, 20
*.magnify.net, 3
*.streamsend.com, 2
*.tweetmeme.com, 580
*.bloggapedia.com, 1
*.hotbox.com, 611
*.scorecardresearch.com, 3861
*.nthambazale.com, 1
*.hollywoodtuna.com, 4
*.exponential.com, 85
*.vejamensagens.com, 1
*.topnflfansites.com, 2
*.chango.com, 95
*.brsrvr.com, 1
*.webtrendslive.com, 106
*.crossroadslodges.com, 66
*.081843D2B7A49A1746A0A875616ACFF3.info, 2
*.fantasiawear.com, 26
*.eau.li, 1
*.textoconbrillo.net, 1
*.pchealthadvisor.com, 9
*.fit-pregnancy-magazine.com, 9
*.hitbox.com, 10
*.internationaalambassadeur.nl, 81
*.realadventure.net, 1
82.165.142.106, 1098
*.realage-mail.com, 4
*.scotsman.com, 56
*.donorplatform.org, 1
*.cams.com, 63
*.nflgridirongab.com, 1
*.brightcove.com, 602
*.scribd.com, 137
*.2dix.com, 18
*.ablackpussy.com, 178
*.fbshare.me, 4
*.nusport.nl, 56
*.marketiva.com, 1
*.tagstat.com, 3675
*.anomalies-unlimited.com, 37
74.55.82.102, 6
*.express-downloads.net, 44
*.pricegong.com, 7
*.g1gg.com, 1
*.tripadvisor.com, 61
*.winscp.net, 19
*.ebetesevgaza.com, 16
*.perian.org, 2
*.allexperts.com, 1
*.ilovelastarya.com, 89
*.slutsbitchesandhoes.com, 27
*.openbittorrent.com, 36
*.chartbeat.com, 49
*.search.pro, 1
*.networkworld.com, 1
*.newzimbabwe.com, 2384
*.economytravel.com, 24
*.clker.com, 1
*.muffia.com, 140
*.nichibocars.com, 73
*.xhamster.com, 206
*.cto.int, 28
*.ijm.org, 1
*.helpmercy.com, 43
*.dirjournal.com, 162
*.bluevoda.com, 56
*.on.net, 5
*.demonoid.com, 30
*.mccont.com, 6
*.origami-fun.com, 63
*.eac.int, 39
*.maxim.ro, 49
*.yourfuckbook.com, 62
*.mademan.com, 1
*.adtegrity.net, 3
*.dopplr.com, 3
*.digital-folders.com, 5
*.zedo.com, 547
*.outlookmessenger.com, 3
*.musclegainingsecrets.com, 1
*.virtualdj.com, 15
*.ellingtoncms.com, 1
*.myadplatform.com, 12
*.sparkstudios.com, 9
*.movielink.com, 19
*.web.com, 7
*.lovetoknow.com, 1
*.wisdomquotes.com, 3
*.ihg.com, 9
*.elearning-africa.com, 20
*.overcome-premature-ejaculation.com, 3
*.imagepost.com, 153
*.azammarine.com, 26
*.101cookbooks.com, 110
*.miloyski.com, 15
*.jamieoliver.com, 17
*.netzero.net, 3
*.doublepimp.com, 14
*.avira-update.net, 211
*.cmcore.com, 3
*.p0.com, 11
*.sudanesethinker.com, 1
*.trctrc.com, 2
*.searchfinddistribute.org, 41
*.tossoffads.com, 3
*.biomarketresearch.com, 1
*.pissen.li, 1
*.arcamax.com, 7
*.mozilla.com, 5411
*.simplelivingmedia.com, 1
*.wikibooks.org, 74
70.85.99.226, 2
*.visualdna-stats.com, 26
*.sensualdirectory.com, 18
*.kampyle.com, 2
*.expandedsearch.net, 2
*.paypopup.com, 7
*.discovery.com, 1
*.curvehouse.com, 331
*.healthline.com, 2
*.glanceguide.com, 1
*.bankofamerica.com, 23
*.buttonshut.com, 1
*.switchedonnaija.com, 1
*.badboyonline.com, 5
*.radikal.ru, 2
*.facilitiesnet.com, 66
*.ehowcdn.com, 154
*.versaneeds.com, 3
195.27.155.149, 4
*.outbrain.com, 74
*.christianpreschoolprintables.com, 49
*.ejdqubiorp, 1
*.easy2.com, 2
*.mirrorservice.org, 37
*.wolfpit.net, 1094
*.metacafe.com, 32
*.gmail.com, 175
*.targetingmarketplace.com, 1
*.bhongircollege.com, 14
*.liveintnet.com, 4
*.247realmedia.com, 167
*.rankwidget.com, 5
*.expressemailmarketing.com, 1
*.lonelyplanet.com, 131
*.cooking.com, 7
*.adnxs.com, 441
*.celebritiespro.com, 127
*.pwc.com, 128
*.softonicads.com, 10
*.istrack.com, 3
*.tdwinqxcxo, 1
*.indieclick.com, 37
*.kickapps.com, 6
*.oerrecommender.org, 3
*.xs4all.nl, 44
*.elasticsteel.net, 41
*.trrsf.com, 16
94.100.119.241, 1
*.optinzip.com, 1
94.100.119.243, 1
*.oryte.com, 4
*.globaltestmarket.com, 1
94.100.119.245, 2
*.technorati.com, 7
*.zinio.com, 4
*.gcion.com, 49
*.humanclick.com, 6
*.desihotmasala.com, 20
*.wehkamp.nl, 37
*.conversive.nl, 4
*.newsinc.com, 25
*.usablenet.com, 2
*.cbsinteractive.com, 20
*.weather.gov, 6
*.pussy.com, 229
*.macromedia.com, 66
94.100.119.249, 3
*.audienceiq.com, 14
*.ufc.com, 3
*.css-tricks.com, 8
*.stylebistro.com, 86
*.gametop.com, 69
*.celebspornclips.com, 85
*.buylovely.com, 2
*.foodnetworkstore.com, 1
*.topshareware.com, 50
*.mshcdn.com, 69
*.allposters.com, 6
*.amusedice.com, 2
*.rap4ever.com, 4
*.justthink.org, 29
174.120.184.218, 1
*.flagcounter.com, 7
*.pricegrabber.com, 1
*.solokinshasa.com, 1
174.120.184.210, 2
*.brazzers.com, 220
*.krxd.net, 11
*.twitthis.com, 2
*.mediaringtalk.com, 1
*.blogtopsites.com, 2
*.bedbathandbeyond.com, 15
*.umu.se, 119
*.russianeuro.com, 58
*.mindtouch.com, 43
*.waptrick.com, 4
*.cellphoneblogs.info, 68
*.vv.cc, 1
*.neudesicmediagroup.com, 3
*.focusdaddy.com, 2
*.vistaprint.com, 3
*.vglqwabfwy, 1
174.120.184.202, 13
*.buzzbytes.net, 4
fidelity.rotator.hadj7.adjuggler.net:80, 1
*.adnet.de, 1
*.validnutrition.org, 29
*.s-msn.com, 1892
*.uneca.org, 1
*.soccerway.com, 5
*.foodsubs.com, 34
*.keywordblocks.com, 4
*.friendjungle.com, 512
*.adfactor.nl, 24
*.omroep.nl, 317
*.em1.com, 3
*.byfly.by, 11
174.120.184.234, 1
*.ami-admin.com, 6
*.womenshealthmag.com, 53
*.adfrontiers.com, 4
*.maximonline.gr, 625
*.cyberpresse.ca, 1
*.crunchbase.com, 3
*.maxim.it, 301
*.pexagontech.com, 1
*.cstv.com, 14
*.africaguide.com, 2
*.cvtips.com, 37
*.photoecape.com, 8
*.social-bookmark-script.de, 14
74.55.74.98, 1
*.epicurious.com, 158
*.balancingact-africa.com, 56
*.qsstats.com, 3
*.digiinfocomputers.com, 161
*.tiaa-cref.org, 51
*.zoomclouds.com, 1
*.gov.au, 3
*.soft-news.net, 3
ocsp.digicert.com:80, 46
*.cupid.com, 1
*.babble.com, 1
*.biblescan.com, 8
*.businessinsider.com, 78
*.joelosteen.com, 35
*.vixeo.com, 64
*.thinkteens.com, 14
*.leaseweb.com, 48
*.creativeimageuk.net, 1
*.estara.com, 3
*.lightsource.com, 55
*.gossipkings.com, 85
*.exct.net, 3
*.lfstmedia.com, 211
*.bbcnews.com, 2
*.mediamindsadvertising.com, 1
*.steelersgab.com, 31
94.100.119.238, 2
94.100.119.239, 1
*.vcommission.com, 6
*.redtubefiles.com, 481
*.duggame.com, 1
*.muk.fm, 3
*.pdc-network.net, 30
*.bassin-arcachon-info.com, 1
*.wdc.com, 12
*.moreover.com, 1
*.all-about-renaissance-faires.com, 25
*.meebocdn.net, 156
*.ask.com, 200
*.slidesharecdn.com, 83
*.chelseamegastore.com, 81
*.airtel.com, 39
*.mutv.com, 1
*.olympus-imaging.com, 1
94.100.119.226, 1
94.100.119.227, 1
*.thehubter.com, 1
*.affairsclub.com, 8
*.referenceforbusiness.com, 11
*.doubleviking.com, 1
*.jeroenwijering.com, 1
*.diynetwork.com, 1
*.iconnect-online.org, 36
*.welingelichtekringen.nl, 52
*.yahooapis.com, 902
*.shelfari.com, 1
*.librarything.com, 1
*.usatoday.net, 117
*.ztod.com, 11
75.125.231.170, 1
*.eset.eu, 3
*.mass.edu, 3
*.hubpages.com, 36
*.expediamail.com, 4
*.beyondhollywood.com, 2
*.desicomments.com, 2
*.match.com, 127
*.clkrd.com, 3
*.bmw.com, 1
*.fashionbombdaily.com, 1
*.spidertracks.com, 151
*.gadiskesepian.com, 2
*.hpdjjs.com, 1
*.cloudfront.net, 177
*.freelotto.com, 3
*.goal.com, 4695
*.mydearvalentine.com, 37
*.mashlogic.com, 21
*.pubmatic.com, 801
*.cachefly.net, 19
*.websugar.com, 4
*.mentalacrobatics.com, 1
*.fanaticosusa.com, 2
*.optimumnutrition.com, 4
*.si.com, 5
*.porntele.com, 394
*.spylog.ru, 1
*.streamate.com, 6
*.defecti.com, 7
*.pinnaclesys.com, 78
*.flip4mac.com, 1
*.filebuzz.com, 173
*.gsnrecipes.com, 1
*.haloscan.com, 4
*.4publishers.com, 29
*.perfectpeople.net, 2
*.games2download.com, 4
*.zunia.org, 1
*.fhi.org, 306
*.kyte.tv, 8
*.frodoslair.net, 21
*.visualmerc.net, 10
*.zambianationaltourismboard.com, 6
*.effiliation.com, 4
*.citycol.com, 2
*.untangle.com, 712
*.columbiarecords.com, 1
*.2o7.net, 352
*.antivir.com, 9
*.fantasyplayers.com, 4
*.itunes.com, 4
wbsv2.dataviz.com:80, 5
*.w55c.net, 5
*.searchc.net, 15
*.cbox.ws, 29
*.orbitdownloader.com, 194
*.myway.com, 4
*.list-manage.com, 60
*.dailybooth.com, 1
*.beforward.jp, 82
*.mybet.com, 39
*.adfunky.com, 6
*.cddb.com, 3
*.nuzakelijk.nl, 34
94.100.114.25, 3
*.iicd.org, 285
*.ebayimg.com, 4
*.lygo.com, 36
94.100.114.21, 4
*.plant-maintenance.com, 60
94.100.114.22, 2
*.305hiphop.com, 1
*.whitehatcopycat.com, 5
*.news11today.net, 18
*.securetrust.com, 2
*.anntaylorloft.com, 121
*.cbs.com, 19
*.gq.com, 19
*.fetchback.com, 3
174.120.184.186, 1
*.goo, 1
*.webcopywritinguniversity.com, 1
*.behindthesteelcurtain.com, 7
*.amazon.de, 3
*.flickr.com, 251
*.liveclicker.net, 31
*.everydiet.org, 22
*.eyeblaster.com, 1
*.fvporn.com, 1
*.salina.com, 16
*.dreamteammoney.com, 113
*.soft32.com, 193
*.zanox.com, 2
*.assoc-amazon.de, 3
*.world-track.org, 1
94.100.114.12, 1
*.buzzbuttons.com, 3
*.mkt1616.com, 2
*.mathsrevision.net, 19
*.bsf01.com, 25
*.onlinesitedirectory.com, 1
*.nsimg.net, 37
*.softpedia.com, 53
*.jjtnlocbza, 1
*.geek.com, 91
*.tesco.com, 5
94.100.119.198, 2
*.africanloft.com, 1
*.bizo.com, 3
*.zohostatic.com, 4
*.pic.tv, 16
*.backtype.com, 6
94.100.114.49, 1
*.carsmed.com, 3
*.newkerala.com, 22
*.theglobeandmail.com, 1
94.100.114.44, 1
94.100.114.45, 2
*.topsy.com, 32
*.zaparena.com, 2
*.images-amazon.com, 3944
*.bazaarvoice.com, 34
*.bubbleshooter.net, 6
*.copyscape.com, 3
*.assoc-amazon.fr, 3
*.youpornmate.com, 4
*.planetsteelers.com, 2
*.hotcourses.com, 35
*.easyapps.nl, 21
*.newjobs.com, 1
*.creattica.com, 15
*.feedroom.com, 3
*.scanmedios.com, 3
94.100.114.36, 2
*.dyndns.com, 2
94.100.114.37, 1
*.adventistbookcenter.com, 1
*.carsfortheworld.com, 1362
*.gigya.com, 95
*.chrisblattman.com, 1
*.bigpoint.net, 32
*.sixpackabsuncovered.com, 24
*.dellsupportcenter.com, 19
*.gigcount.com, 1
*.yoono.com, 167
*.toyota.com, 36
*.alltop.com, 3
*.protocol-online.org, 20
*.cipe.org, 1
*.cornerstonesimi.com, 4
*.klm.nl, 1
*.plosmedicine.org, 63
*.softwaregeek.com, 30
www.trendsecure.com:80, 21
*.eastwoodlab.ru, 3
*.rockyou.com, 17
*.oremus.org, 9
*.megaplayerupdate.com, 5
*.ebonybbwporno.com, 20
*.tgirls.com, 84
*.imgur.com, 18
*.wix.com, 248
213.174.141.161, 44
*.commissionaccount.com, 6
*.createsend3.com, 1
88.208.23.10, 2
*.betterfaucets.com, 34
*.smalldrives.com, 78
*.jambovideonetwork.com, 7
*.adsonar.com, 224
*.femdompics.net, 1
*.cedexis.com, 14
*.worldvideo.us, 28
*.ccleaner.com, 2
*.asernalfc.com, 12
*.bnpmedia.com, 5
*.yahoofs.com, 353
*.ex.com, 4
*.african-politics.com, 1
*.marinsm.com, 6
*.islayer.com, 13
*.hotels-f.com, 4
*.jwuwfbksdc, 1
*.osborn.org, 5
*.webtrends.com, 63
*.plrebookclub.com, 3
*.osronline.com, 16
*.ce-hq.com, 34
*.socialtwist.com, 10
*.nexage.com, 1
*.compaq.com, 1
*.ireport.com, 4
*.weatherbug.com, 38
*.bustingbureaucracy.com, 5
*.sociableblog.com, 1
*.ubuntu.com, 3195
*.rhymezone.com, 7
*.newdigitalmediautilities.in, 2
*.wsaw.com, 29
*.verisign.com, 2164
*.spongecell.com, 2
*.accuweather.com, 681
*.mozillamessaging.com, 47
*.tradeboss.com, 16
*.edgecaching.net, 4
*.leadforce1.com, 3
*.webshots.com, 33
*.gvt0.com, 80
*.webscience.org, 24
*.gymboss.com, 1
*.bmanpn.com, 3
*.adrocketmedia.com, 44
*.fuelthemind.com, 42
*.microsoftemail.com, 8
*.aol.com, 2295
*.continent8.com, 6
*.mikemahler.com, 5
*.howtocallabroad.com, 26
*.zynga.com, 100
203.159.31.53, 5
*.xggtzujbxv, 1
*.searchact.org, 42
*.mobify.me, 1
*.domainnamesales.com, 4
*.arab-x.com, 1
*.ccbill.com, 1
*.mysave.in, 7
*.komli.com, 4
*.chronicle.com, 65
*.casalemedia.com, 84
*.kenny-glenn.net, 1
*.vaio.eu, 15
*.javvin.com, 43
*.milfma.com, 51
*.tumri.net, 3
*.worldvision.org, 133
*.transmissionbt.com, 3
*.topsiteshealth.com, 2
94.100.121.244, 2
*.inquirer.net, 40
94.100.121.240, 1
*.algebrasolver.com, 2
94.100.121.243, 3
*.big-boards.com, 1
*.food.com, 42
*.women365.net, 30
*.sextracker.com, 9
75.125.47.146, 1
*.pixazza.com, 492
*.ytimg.com, 2275
*.yieldoptimizer.com, 3
*.upsellit.com, 29
*.io9.com, 27
*.utmost.org, 112
*.viddler.com, 21
*.166830BDACAB7682CAD1F2DA3684B987.info, 1
94.100.121.236, 1
*.reduxmedia.com, 170
*.opentuition.com, 757
*.sectools.org, 127
94.100.121.231, 2
*.freebigpictures.com, 713
*.trustlogo.com, 3
*.adbureau.net, 3
*.aditechinfotech.com, 37
*.ookla.com, 19
*.coolpreviews.com, 23
*.quickbooks.com, 14399
*.vodconcepts.com, 10
*.ed4.net, 63
*.right-ads.com, 1
*.canon.com, 125
*.wsj.com, 63
*.betfredaffiliates.com, 4
*.imageshack.us, 100
*.polkaspots.com, 628
bwsupdate01.logitech.com:80, 192
*.clickpotato.tv, 3
*.jetaudio.com, 5
*.history-world.org, 7
94.100.124.3, 2
*.voicefive.com, 300
*.legalofficesite.com, 2
*.verticalacuity.com, 8
*.ar-cdn.com, 36
*.ustronics.com, 1
*.suitesmart.com, 48
94.100.124.1, 1
82.165.143.242, 397
*.allnurses.com, 2
*.video-loader.com, 17
*.fitnessonline.com, 80
*.vimeo.com, 32
*.restaurantworx.com, 69
*.teenieblackgirls.com, 119
*.topblogarea.com, 21
*.the-top-tens.com, 6
*.scanalert.com, 38
*.t1shopper.com, 25
*.all-karate.com, 25
*.funfbapps.com, 1
*.tool-manufacturers.com, 2
*.recipester.org, 21
*.kriyayoga.com, 5
*.labtestsonline.org, 92
*.rankone.nl, 39
*.game-advertising-online.com, 4
*.elekted.com, 1
*.pichunter.com, 96
*.vodo.net, 18
*.routeripaddress.com, 25
90.183.101.10, 61
*.freenet.de, 3
*.thebachelorguy.com, 42
*.gov.tt, 16
*.projectswole.com, 83
*.undertexter.se, 1
*.adsbyisocket.com, 3
*.alleliteads.com, 1
*.salememail.com, 1
70.85.98.98, 1
*.newshealth6.com, 20
*.wow-europe.com, 3
*.jeffreywrightbook.com, 6
*.senternovem.nl, 4
207.44.254.170, 2
*.starfieldtech.com, 21
*.mac.com, 63
*.7static.com, 77
*.hittail.com, 4
*.trustwave.com, 2
*.kachepa360.com, 2793
*.icerocket.com, 3
*.explabs.net, 5904
*.littleblots.com, 2
*.123bounce.com, 11
*.mailonline.com, 3
*.bwanji.com, 45
94.100.122.236, 1
*.free-picture-host.com, 3
*.manutddailynews.com, 24
*.avalanchers.com, 90
*.millioncelebs.com, 30
*.manta-r1.com, 53
*.manataka.org, 2
*.org.com, 12
*.ajtmh.org, 67
*.bangbros.com, 5
*.dsultra.com, 179
*.paraorkut.com, 2
*.linezing.com, 5
75.125.191.2, 1
*.bbt.com, 33
*.only4sms.com, 21
*.youtu.be, 3
*.steadybucks.com, 3
*.member-hsbc-group.com, 3
*.dummies.com, 7
*.nprove.com, 3
*.dutchcowboys.nl, 44
*.visualrevenue.com, 11
94.100.122.229, 2
*.mediafire.com, 68
*.shreyacore.ru, 3
*.spicynodes.org, 61
*.mp3raid.com, 67
*.priceindia.in, 35
*.pointroll.com, 264
*.sftcdn.net, 65
*.21stcenturyschools.com, 37
174.133.247.170, 1
*.bullz-eye.com, 1
*.isoc.org, 31
*.soundboard.com, 66
*.yamaha.jp, 33
*.philstar.com, 1
*.gov.zm, 5
*.dellfix.com, 335
*.bloggers.com, 4
*.pokerlistings.com, 1
*.esri.com, 46
174.133.107.2, 3
94.100.121.19, 4
*.mtv.com, 1
*.teensarea.com, 237
*.inappropriatebunny.com, 2
*.yieldbuild.com, 21
*.grammy.com, 1
*.victor.com, 1
*.sexsearch.com, 10
*.internapcdn.net, 5
*.torontosun.com, 31
*.sonymusic.com, 3
*.lulu.com, 2
216.252.110.31, 1
*.strongbodies.net, 36
*.imagevenue.com, 16
*.helixstudios.net, 77
*.fannation.com, 13
*.acer.com, 213
*.onespot.com, 1
94.100.122.205, 2
*.amperordirect.com, 2
94.100.122.202, 2
*.justfreegames.com, 17
*.adsfac.info, 1
*.cartercenter.org, 44
*.ratified.org, 2
*.ipinfodb.com, 1
*.conduit-download.com, 1
*.media6degrees.com, 208
*.mozdev.org, 39
*.telestream.net, 38
*.barbarism.net, 10
*.thepostzambia.com, 16
*.websitegames.org, 1
*.platrium.com, 2
*.pdfqueen.com, 12
*.bittorrent.com, 119
*.mizukan.org, 28
*.bellerbys.com, 79
*.paidgameplayer.com, 22
*.azjmp.com, 2
*.au2m8.com, 1
*.scoutingmagazine.org, 2
*.zazzle.com, 4
*.waitro.org, 2
*.gsngrocers.com, 6
*.gsmnation.com, 8
*.answers.com, 117
*.a-widget.com, 2
*.mdconsult.com, 1
*.2sexybikini.com, 114
*.nybooks.com, 5
184.105.192.217, 2
*.fremdflirt.com, 3
*.swns.com, 1
*.addynamo.com, 119
*.worldbioenergynews.com, 38
*.amigoautos.es, 2
tisprotb16-en.url.trendmicro.com:80, 251
*.mapmonde.org, 7
*.lingospot.com, 3
*.bannedcelebs.com, 1
*.vuykfhvrii, 1
*.wireless-outdoor-bridge.com, 38
*.merriam-webster.com, 132
*.tyroo.com, 6
*.magentic.com, 16
*.lccfc.ca, 13
*.onprobation.com, 24
*.dirtyyoungbitches.com, 165
*.4tubemate.com, 2
*.animoto.com, 14
*.focusonthefamily.ca, 3
*.qualys.com, 43
*.utwente.nl, 5
*.soyfoods.com, 9
*.bredg.com, 1
*.rva.org, 29
*.scribol.com, 12
*.ignimgs.com, 4
*.freeware995.com, 10
*.hymnal.net, 58
*.rottentomatoes.com, 2
*.wahoha.com, 110
*.seemygf.com, 1
*.unescap.org, 2
*.robosaint.com, 3
*.777seo.com, 2
64.69.82.201, 2
*.bestsixpack.com, 31
*.freenexusone.us, 5
*.ba.com, 35
*.guyism.com, 1
*.droppad.com, 1
*.algebra.com, 20
*.enterprisestudy.com, 18
*.digitalhealthcare.com, 3
*.activeden.net, 22
*.tonibraxton.com, 109
*.ipicture.ru, 1
*.malariaconsortium.org, 222
*.ieee.org, 85
*.ibpxl.com, 1
87.106.13.62, 1055
*.yieldmanager.com, 6597
*.macworld.com, 5
*.kaspersky.com, 4316
*.crack.ms, 13
*.shareware.pro, 14
*.freshbollywood.com, 22
*.qq.com, 18
*.360tag.com, 4
*.ktravula.com, 1
*.sparkle-hayter.com, 2
*.videosz.com, 56
*.sitescout.com, 81
*.blogcarnival.com, 3
*.dxsummit.fi, 431
*.opt-n.net, 2
*.neptuneads.com, 8
*.edgedefender.com, 35
*.qksrv.net, 1
*.tanzaniatouristboard.com, 52
*.nokia.com, 401
*.visacentral.com, 53
*.ourtoolbar.com, 7
*.adnetinteractive.com, 2
*.thestar.com, 1
*.engtech.it, 18
*.woot.com, 5
*.hotbar.com, 1069
*.bizjourna1s.net, 3
*.longnow.org, 1
*.verizonwireless.com, 3
*.validinternational.org, 2
*.playwithparis.com, 1
*.ilovecheating.com, 5
*.iheartbucks.com, 2
*.myhomeremedies.com, 7
*.pussycash.com, 1
*.nextround.net, 71
*.switch.ch, 5
*.sms4smile.com, 20
*.roboform.com, 194
*.bridalshowergamesatoz.com, 67
*.sportinglife.com, 8036
*.featurelink.com, 2
*.clickindia.com, 3
*.gandi.net, 27
bwsregister01.logitech.com:80, 192
*.irstaxaudits.com, 4
*.plosone.org, 23
*.roche-applied-science.com, 1
*.funsci.com, 55
*.alion.nl, 5
*.bootybrown.com, 5
*.biomalpar.org, 37
*.egkippers.nl, 78
*.starfall.com, 160
*.careeracademy.com, 2
*.mediabrandsww.com, 7
*.ign.com, 92
*.wptnvbvmzf, 1
*.creative.com, 42
*.keyade.com, 5
*.ehow.com, 186
*.livehealthclub.com, 38
*.poopprank.com, 36
*.lukelutman.com, 1
*.ifood.tv, 200
*.freegamesky.com, 11
*.funkyporntube.com, 3
*.quotemedia.com, 1
*.xxxmatch.com, 15
*.evilbeetgossip.com, 6
*.stats.com, 3
*.gvtc.com, 20
*.driverwhiz.com, 38
*.convertro.com, 6
88.208.61.14, 1
*.mp3.com, 43
*.avweb.com, 186
*.paxtonmin.org, 49
*.bodyoffire.com, 4
*.malariaworld.org, 28
*.billboard.com, 2
*.gsm-forum.eu, 50
*.webfreestuff.com, 2
*.alivetorrents.com, 13
*.boingo.aero, 5
*.payplay.fm, 22
*.refog.com, 3
*.iasociety.org, 3
*.crazyegg.com, 2
*.5min.com, 144
*.50C73DA46DFFBAE5634051031479B59A.info, 1
*.lge.com, 12
*.cbtplanet.com, 2
*.nytimes.com, 5938
*.nickjr.com, 202
*.mekentosj.com, 9
*.weather.com, 3075
*.yola.net, 2
*.trek-marketing.com, 3
*.theatre247.com, 13
*.filehippo.com, 94
*.providesupport.com, 9
*.ratepoint.com, 9
*.radio-live.net, 1
*.sanasecurity.com, 99
*.mldetgdxmn, 1
69.16.188.105:80, 1
*.spamcatcher.net, 32
*.easyipfinder.com, 1
*.adservinginternational.com, 4
*.ixiaa.com, 1
*.bennloxo.com, 1
*.kelloggs.com, 2
*.shipping-worldwide.com, 10
*.polldaddy.com, 195
209.62.112.114, 1
*.dynastyseries.com, 2020
*.instantservice.com, 11
*.dmca.com, 1
*.msn.com, 11128
*.alternativeairlines.com, 29
173.203.114.249, 4
*.mp3lyrics.org, 29
75.125.223.194, 1
*.engt.co, 1
*.easyveggiemealplans.com, 1
*.adultjunk.com, 378
*.uchicago.edu, 1
*.carbonite.com, 12
212.227.96.110, 5
69.16.188.117:80, 2
*.afy11.net, 86
*.christianportal.eu, 2
*.ethiopianreview.com, 2
*.herballove.com, 57
*.asterpix.com, 85
*.adtech.de, 3322
*.kickstatic.com, 88
*.sensic.net, 15
*.cpulaptop.com, 2
*.tripleopt.com, 1
*.publicus.com, 10
*.justfortracking.com, 155
*.travelnow.com, 1
*.tweetbackup.com, 28
*.freefind.com, 5
*.freefilesoft.net, 22
*.dennis-npd.com, 12
*.com.zm, 3
*.how-matters.org, 94
*.wellsphere.com, 117
*.tescodigital.com, 1
*.wp.com, 436
*.vimeocdn.com, 52
*.googleadservices.com, 896
*.associatedcontent.com, 43
*.peoplesearchaffiliates.com, 1
*.eyeballchat.com, 25
*.openprinting.org, 5
*.25cum.com, 2
*.statoil.com, 30
*.tacoda.net, 157
*.webring.org, 242
*.upnd.zm, 3
*.aaorders.com, 9
*.aeroafrica-eu.org, 3
*.intelli-direct.com, 2
*.sportsline.com, 1
*.advertxi.com, 5
*.anntaylor.com, 2
*.stt.nl, 1
*.ngepress.com, 96
*.speedbit.com, 122
*.premierleague.com, 8513
*.astmh.org, 10
*.wiley.com, 52
*.juicyads.com, 51
*.emailprovide.com, 3
*.goingup.com, 7
*.total-media.net, 4
*.bravenet.com, 6
*.gtavice.com, 2
*.filemobile.com, 8
*.eu-survey.com, 5
*.sexdatecash.com, 7
*.mmsmdxgfan, 1
*.digitalcamera-hq.com, 3
*.popshops.com, 2
*.nai.com, 57
*.iconnect.zm, 376
*.nysed.gov, 29
*.nowdownloadall.com, 87
*.insightexpressai.com, 41
*.mediamenu.ee, 1
*.metafilter.com, 1
*.verticalresponse.com, 3
*.feed2js.org, 2
*.onlinefmradio.in, 2
*.remigtonsteel.de, 1
*.clickbank.com, 46
*.picosearch.com, 3
*.economist.com, 62
*.blackicepass.com, 269
*.celebsoopsrobbspage.com, 11
*.net-security.org, 36
*.usanotebook.com, 25
193.34.134.42, 1
94.100.121.40, 1
*.fimc.net, 1
*.go2speed.org, 3
*.weeklybikini.com, 4
*.delicious.com, 1173
*.anopheles.org, 1
*.teamworld.org, 2
*.paypornreview.com, 27
*.relive.in, 6
*.fleshcash.com, 1
*.newsdaily7.net, 29
94.100.121.47, 4
94.100.121.46, 1
94.100.121.49, 2
94.100.121.48, 3
*.supremeadsonline.com, 1
*.biomedcentral.com, 6
*.unza.zm, 366
*.mb01.com, 3
*.lu.ly, 126
94.100.121.52, 1
*.manageengine.com, 50
*.sixpacknow.com, 35
*.wkhealth.com, 3
*.admediatrack.com, 1
94.100.121.56, 1
94.100.121.55, 1
*.pegs.com, 1
*.komtools.net, 1
*.youblogged.com, 2
*.aboutastro.com, 4
*.skysports.com, 4
*.gov.mt, 180
*.displaymarketplace.com, 4
*.rsys3.net, 12
*.highereducationdirect.com, 2
*.tremormedia.com, 52
*.gale.com, 2
94.100.121.58, 1
94.100.121.57, 1
*.countercentral.com, 9
*.sannayak.com, 8
*.waharass.info, 22
94.100.121.59, 1
*.lduhtrp.net, 6
*.sitelock.com, 1
94.100.121.20, 1
*.usenet.nl, 45
*.thomsonreuters.com, 143
*.oberon-media.com, 44
*.hotel.info, 103
*.lmodules.com, 22
*.promega.com, 37
*.echoinggreen.org, 80
66.197.254.214, 10
*.logos.com, 12
*.macroplant.com, 42
*.tropicalmedandhygienejrnl.net, 36
*.afrocyberpunk.com, 1
*.reviversoft.com, 3
94.100.121.28, 1
*.tripit.com, 4
*.pornhub.com, 17
*.bilinkis.com, 2
*.spainexchange.com, 46
*.globalmailer.com, 7
*.getsixpackabs.org, 12
*.handbag.com, 244
*.adultadworld.com, 8
*.liverail.com, 12
*.wikicdn.com, 89
*.myofferpal.com, 23
*.webcamclub.com, 8
*.nypost.com, 272
*.mcafee.com, 452
*.validclickz.com, 5
*.fplive.net, 1
94.100.121.38, 1
94.100.121.37, 2
94.100.121.83, 3
94.100.121.82, 1
*.businesszimbabwe.com, 41
*.andysmusiconline.com, 196
*.mycvdirect.com, 33
94.100.121.86, 2
*.lunchboxbunch.com, 7
*.accmgr.com, 1
218.210.127.131, 108
*.livestrong.com, 33
*.verizonmarketing.com, 7
94.100.121.81, 3
*.momnx.com, 160
*.sitelevel.com, 16
*.hostip.info, 11
*.ird.com, 1
*.go2cloud.org, 6
*.umkc.edu, 1
*.cimg.in, 11
*.fhserve.com, 6
94.100.121.94, 1
*.gate5.de, 279
94.100.121.96, 3
94.100.121.97, 1
*.panoramio.com, 1
*.com.sg, 77
*.backlink4u.net, 2
*.wtcracks.com, 14
*.katesplayground.com, 1
*.nudecelebrityporn.net, 36
*.downloadvlcplayer.net, 6
*.aebn.net, 235
*.cyride.com, 1
*.felixflow.com, 1
*.dreamstime.com, 257
*.stumble-upon.com, 62
*.mtqyrrtxra, 1
*.worldvisionreport.org, 98
*.clicktrace.info, 9
*.steadyhealth.com, 63
*.the300workout.net, 8
*.ucsf.edu, 18
75.125.188.242, 4
*.pbsrc.com, 10
*.com.tw, 84
*.revresda.com, 12
*.patheos.com, 57
94.100.121.72, 1
94.100.121.71, 1
*.nudefatgirlsblog.com, 13
*.hgtv.com, 2
74.55.48.18, 2
*.driverguide.com, 132
*.extreme-dm.com, 169
*.emusictheory.com, 337
*.procca.com, 18
*.bkrtx.com, 42
*.js-kit.com, 314
*.independentlivingnews.com, 8
*.yupgames.com, 58
*.thedailybrainstorm.com, 1
*.wirelessisp.co, 10
*.hackerwatch.org, 31
*.limitemagazine.com, 14
94.100.122.156, 2
*.vodpod.com, 82
*.51.la, 3
*.reinvigorate.net, 12
94.100.121.102, 2
*.ontoplist.com, 2
*.rodale.com, 13
*.topasianmodels.net, 34
74.54.25.2, 1
*.asus.com, 84
*.calibre-ebook.com, 3
*.idwellness.org, 1
*.goodfellowpublishers.com, 69
*.twineserver.net, 1
*.worldarcstudio.com, 13
*.myheritage.nl, 10
*.cdc.gov, 1
*.99designs.com, 21
*.rbc.org, 36
*.cnn.com, 3654
*.galleryhost.com, 15
*.mykinkyfiles.com, 1
74.54.130.66, 5
*.trafficrevenue.net, 27
*.struq.com, 1
*.jurgita.com, 63
*.theplanet.com, 9
*.softpedia-static.com, 599
*.suite101.com, 18
*.starwave.com, 5
*.codrinarsene.com, 1
*.zcache.com, 8
*.gumgum.com, 32
*.socpix.net, 5
*.expeditate.com, 9
*.rankingsandreviews.com, 3
*.superbooyah.com, 1
*.bestpractical.com, 21
*.tescodownloads.com, 1
*.clickshift.com, 1
*.mmismm.com, 31
*.bisikbisik.biz, 2
*.cooliris.com, 4
*.kenya-airways.com, 143
*.unrulymedia.com, 157
*.gmtrx.com, 4
*.adition.com, 3
94.100.125.5, 1
94.100.125.2, 1
94.100.125.3, 1
*.dfusmyzdxw, 1
*.dilbert.com, 6
94.100.125.8, 1
94.100.125.9, 2
*.fulldls.com, 7
*.etrryadiwj, 1
*.indianchild.com, 1
*.bet-at-home.com, 32
*.meebo.com, 492
*.miamiherald.com, 1
*.polle.me, 1
*.chartbeat.net, 1847
*.veggieglobal.com, 7
*.popcde.com, 1
80.77.113.200, 2
*.advertise.com, 2
*.dallasnews.com, 103
*.llnw.net, 16
*.rambler.ru, 2
*.orgill.com, 6
*.parkedskins.com, 3
*.yimg.com, 20582
*.msads.net, 304
*.collective-media.net, 959
*.123tagged.com, 26
*.images2-telegraaf.nl, 459
*.opendemocracy.net, 1
*.gamawap.com, 12
*.exploitedfametour.com, 10
*.aweber.com, 148
*.onehanesplace.com, 2
*.oracle.com, 354
*.blogburst.com, 1
*.halftribe.com, 1
*.danbrown.com, 25
*.peoplefinders.com, 14
*.castrolfootball.com, 4
*.vista-inspirat.net, 1
*.naked.com, 131
*.ictp.it, 52
*.lexy.com, 12
*.kaschassociates.com, 5
*.lafujimama.com, 33
*.newsvine.com, 1
*.irinnews.org, 70
*.dropbox.com, 2325
*.washingtonpost.com, 625
*.everesttech.net, 13
*.mozilla.net, 173
*.zimbio.com, 18
*.airmilfs.com, 221
*.conduit-banners.com, 1
*.egistec.com, 35
*.icq.com, 211
74.54.130.18, 2
*.blip.tv, 70
*.cars-sky.info, 2
*.blogalpaso.com, 1
*.sexpositionsguide.com, 226
*.purplemath.com, 17
*.nu-photos.com, 1
*.adnetxchange.com, 2
*.vanityfair.com, 14
*.itsmy.com, 1464
*.share-links.biz, 24
*.password-crackers.com, 23
*.livezilla.net, 2
*.outsideonline.com, 10
*.siop.org, 33
*.backcountry.com, 6
*.africatravelresource.com, 15
*.acidcow.com, 3
*.internetbrands.com, 141
*.mycharitypage.com, 1
*.tripolis.com, 7
*.mrbrainwash.com, 9
*.crackdb.biz, 1
*.adsfac.net, 1
*.gatcha.com, 7
*.squarespace.com, 5
*.the-feeding-tube.com, 2
*.sonystyle.com, 107
*.buzzle.com, 54
*.websnapr.com, 1
*.cpgdebzpbp, 1
*.glitter-graphics.net, 4
*.aspnetcdn.com, 3
*.ddc.com, 18
*.meganetserve.net, 10
*.t.co, 5
*.excel4apps.com, 20
*.slowlyttani.info, 1
*.tech-pro.net, 16
*.media4trade.com, 8
*.newyorker.com, 199
*.whstatic.com, 229
*.javafx.com, 138
*.livepromotools.com, 2
94.100.115.38, 1
*.helium.com, 183
*.netnewspublisher.com, 1
*.crsprogramquality.org, 58
*.bestanimations.com, 10
*.appspot.com, 46
*.tqn.com, 1118
*.nikon.net, 2
*.traffikings.com, 12
*.web.id, 25
*.globe7.com, 193
*.wizzard.tv, 5
*.bluekai.com, 405
*.top40-charts.com, 269
*.shareapic.net, 16
*.fwmrm.net, 55
*.marketstudio.net, 4
*.hiveword.com, 1
*.cafepress.com, 5
*.303br.net, 6
*.pokergoldmine.com, 6
*.hubimg.com, 22
*.allcvcqhea, 1
74.55.128.82, 1
*.png.fi, 3
*.eximweb.jp, 1
*.personalizationmall.com, 11
*.digicollection.org, 33
178.211.63.20, 276
*.camads.net, 13
*.mindjolt.com, 1515
*.outboundlink.net, 2
*.roatracker.com, 4
*.stuartaustin.com, 17
*.microalienware.com, 17
*.pornhublive.com, 11
*.36movs.com, 101
*.pastorchrisonline.org, 3
*.contentparadise.com, 3
*.filippoberio.com, 19
*.egotastic.com, 52
*.isms.zm, 633
*.blog-city.com, 1
*.kevingoolsby.com, 1
*.clickable.net, 23
*.searchfindemploy.org, 1
*.ad.nl, 438
*.msftncsi.com, 11216
*.audience2media.com, 5
94.100.115.48, 1
*.adobe.com, 25542
*.bodybuilding.com, 65
*.sojo.net, 14
*.ccm2.net, 265
94.100.115.43, 1
*.partyfriendfinder.com, 4
*.afromix.org, 18
*.carjunction.net, 29
*.wapolabs.com, 17
*.bellsouth.net, 4
*.share4dev.info, 120
*.adap.tv, 591
*.cameraworld.com, 75
*.rbcministries.org, 10
*.digicert.com, 1134
*.bettingpro.com, 1
*.sphere.com, 2
*.whvvzvfakw, 1
*.lulzimg.com, 5
www.timewarptech.com:80, 777
*.twitter.com, 7834
*.puzcash.com, 2
*.toplist.cz, 2
*.licenseacquisition.org, 1
*.nasa.gov, 3
*.lexmark.com, 1
*.cpays.com, 46
*.sexhungrymoms.com, 20
*.manunitedfanclub.com, 42
*.atemda.com, 271
*.scholarship-positions.com, 25
*.adrime.com, 2
80.78.18.172, 20
94.100.115.69, 3
*.claudiaromani.com, 133
*.linkconnector.com, 2
*.betdaqaffiliates.com, 1
*.butterscotch.com, 18
*.imiclk.com, 2
*.diggstatic.com, 17
*.furious-gold.com, 21
*.internationalscholarships.com, 32
*.travel-ticker.com, 33
*.clustrmaps.com, 46
*.nyt.com, 480
*.fling.com, 771
93.184.71.27, 5
*.ebaumsworld.com, 92
*.hardwarestore.com, 89
*.usacarsdealres.com, 28
*.realitykings.com, 836
*.googleusercontent.com, 2121
*.thegeekstuff.com, 47
*.ripway.com, 50
*.netrefer.com, 27
*.adnetworkonline.com, 1
*.myusairways.com, 1
*.vteemgafkh, 1
*.profollow.com, 15
*.ad.jp, 8
*.netshelter.net, 118
*.datafilehost.com, 10
*.myspacecdn.com, 409
*.avantlink.com, 19
*.puretracks.com, 19
*.dimestore.com, 21
*.caughtoffside.com, 51
*.psu.edu, 9
*.tembohotel.com, 96
*.webdesignerdepot.com, 27
*.icptrack.com, 6
*.blogsontop.com, 17
94.100.124.33, 1
*.cdfreaks.com, 2
*.opentable.com, 2
*.whatuseek.com, 8
*.fedex.com, 34
*.smileycentral.com, 3
*.downtr.net, 14
*.pair.com, 1
*.hothottie.com, 6
*.veteranlove.com, 1
*.www.null, 3
*.hottraffic.nl, 52
*.sophus3.com, 31
*.flashtalking.com, 206
*.tmrgsjgthw, 1
95.211.90.158, 20
*.besthitsnow.com, 4
*.stretcher.com, 38
*.napster.com, 10
*.openx.com, 10
*.blogflux.com, 1
*.shockwave.com, 770
*.lixli.com, 12
98.139.60.33, 8
98.139.60.32, 9
*.omniroot.com, 1
94.100.124.48, 1
*.wpzefcgreb, 1
*.234next.com, 2
*.macpaw.com, 2
94.100.124.45, 2
*.drugstoremedspharmacy.net, 2
*.joebucks.com, 2
*.marketwatchmbee.in, 2
216.40.254.75, 6
*.adnetwork.net, 2
*.hiltonhhonors.com, 18
*.sandisk.com, 4
*.shrinktheweb.com, 1
*.hqikwluijv, 1
*.intellitxt.com, 898
*.nba.com, 36
*.demandstudios.com, 35
0.158.channel.facebook.com:80, 22
98.139.60.39, 74
*.eyari.com, 3
*.five.tv, 4
*.admin.ch, 17
98.139.60.37, 42
*.conduit.com, 5687
98.139.60.38, 64
*.huffingtonpost.com, 1542
*.whitelabelpros.com, 98
*.news.com, 2123
94.100.124.15, 2
98.139.60.40, 67
98.139.60.41, 46
94.100.124.13, 2
66.235.120.66, 2
*.dpbolvw.net, 1
*.nxtck.com, 8
*.debianadmin.com, 47
*.toms.net, 4
*.acdn.us, 23
*.emergingleadersglobalsummit.com, 1
*.blogblog.com, 302
*.activeconversion.com, 3
*.scavenger-hunt-fun.com, 54
*.alldatazz.com, 211
*.topseolink.com, 2
*.aidwatchers.com, 1
94.100.124.18, 1
*.teawild.com, 6
94.100.124.17, 4
*.neoworx-blog-tools.net, 1
*.fightline.com, 36
94.100.124.22, 1
*.globered.com, 31
*.foreignpolicy.com, 103
*.nujij.nl, 105
*.interia.pl, 14
*.poll.fm, 13
94.100.124.23, 2
*.dotomi.com, 40
*.mashable.com, 15
*.intsig.com, 1
*.roo.com, 1
*.ewatracking.com, 1
*.channel4.com, 11
*.hyves.org, 123
*.gameloft.com, 1
*.gateway.com, 6
*.nudetube.com, 1
*.bloglines.com, 10
*.ebay.com, 67
*.247wallst.com, 6
*.radio1.nl, 102
*.fizi.com, 2
*.kmafrica.com, 59
*.crakmedia.com, 170
*.whatismyip.com, 124
*.guyspeak.com, 153
*.yahoo.com, 33280
*.optmd.com, 42
*.academicjournals.org, 1
*.fitday.com, 2008
*.viaarena.com, 1
*.writersfinder.com, 15
*.cheapoair.com, 144
*.popoholic.com, 147
*.harrenmedia.com, 4
*.tns-cs.net, 2
94.100.116.114, 1
*.mefi.us, 12
*.iefa.org, 11
*.yieldads.com, 23
*.doi.org, 2
*.bic-church.org, 27
*.recipepix.com, 15
*.mtvnservices.com, 8
*.assoc-amazon.com, 58
*.nero.com, 2
*.net.zm, 43
*.mixpanel.com, 6
*.wndw.net, 2
*.speedera.net, 1
*.homedepot.com, 8
*.101greatgoals.com, 116
*.pncbank.com, 3
*.japanese-usedcar-mukai-trading-exportjapan.com, 60
*.exportjapanesecar.com, 434
*.plaxo.com, 3
*.ugo.com, 66
*.openclick.com, 22
*.usagreetings.com, 16
*.lmachaworks.org, 1
*.crackle.com, 1
*.laptop.org, 1
*.digitalsupporttech.com, 79
208.88.225.114, 61
*.amadeus.com, 3
*.teojjsuuyuaia.in, 3
*.mediaguests.net, 1
*.tumblr.com, 82
*.cpxadroit.com, 59
*.youtube-nocookie.com, 11
*.ridhaa.com, 93
*.waarbenjij.nu, 563
*.softonic.com, 54
94.100.124.51, 2
*.black-collegian.com, 11
*.mynewblog.com, 1
*.quantcast.com, 4
*.desktopnexus.com, 108
*.virtualearth.net, 267
*.sodapdf.com, 47
*.myheritageimages.com, 8
*.cxzzhcdthe, 1
*.playlist.com, 5
*.cfan.org, 6
*.hanes.com, 6
*.birthdayinabox.com, 5
*.maplandia.com, 44
*.elsevier.com, 12
*.cooks.com, 2
*.zanzibar.com, 34
*.123g.us, 3
*.nrdc.biz, 53
*.worldslastchance.com, 88
*.freelance-info.fr, 1
*.advpoints.com, 4
*.sbnation.com, 378
*.godaddy.com, 222
*.fotorola.com, 1
*.custhelp.com, 85
*.doteasy-nocookie.com, 38
199.93.32.133, 2
*.homemadesimple.com, 1
*.as42926.net, 62
*.ggpht.com, 985
*.bollywoodsargam.com, 126
*.webopedia.com, 27
*.linkbucks.com, 7
*.planetsuzy.org, 42
*.yale.edu, 355
*.tracksitetraffic.com, 2
*.playboy.com, 13
*.mypoints.com, 66
*.upclick.com, 2
*.vanstam.net, 10
*.addfreestats.com, 11
*.foundation-imagine.org, 125
*.wfnetwork.com, 16
*.D039D5EA41A5B9F425BA4547078FA00E.info, 1
*.immage.de, 2
*.karmayog.com, 11
*.zambianfootball.net, 524
*.komp3.net, 263
*.creative-serving.net, 50
*.gettraffic.com, 29
*.waptric.com, 1
*.bizrate.com, 8
*.healthcentral.com, 4
*.angege.com, 16
*.mochiads.com, 33
*.jalopnik.com, 42
*.cheezburger.com, 13
*.shopzilla.com, 2
*.gfrevenge.com, 33
*.weborama.fr, 100
*.panicporn.com, 2
*.method123.com, 36
*.airports-guides.com, 11
*.sponsorads.de, 31
*.vzw.com, 36
*.cedexis.net, 38
*.s2d6.com, 4
*.automatedhomeprofits.com, 59
*.effectivemeasure.net, 156
*.academia.edu, 577
*.kendwarocks.com, 342
*.ebayrtm.com, 7
*.badoink.com, 20
*.simpli.fi, 40
*.conduit-hosting.com, 21
*.malariajournal.com, 89
*.whenshtf.com, 45
94.100.116.142, 1
*.bustedcoverage.com, 2
*.qqplot.com, 33
*.ziffdavisinternet.com, 15
74.52.201.58, 1
*.mediagra.com, 9
*.videodrivers.es, 2
*.realage.com, 33
*.proteahotels.com, 214
*.ed.gov, 47
*.totalpackers.com, 36
*.thepiratebay.org, 107
*.shaadi.com, 28
*.rt.com, 69
*.net.sa, 17
*.euni.de, 11
*.usa.gov, 4
*.maemo.org, 10
*.pattayavillaholidays.com, 137
*.stackoverflow.com, 15
*.umd.edu, 4
94.100.116.136, 1
*.kimsufi.com, 2
*.torrentreactor.net, 57
*.cta.int, 109
*.taboolasyndication.com, 14
*.themza.com, 1
*.onenetworkdirect.net, 2
*.regretfulmorning.com, 2
*.e-library.us, 2
*.traviangames.com, 5
*.celeb-facial.com, 127
*.bloggero.com, 2
*.air2water.biz, 11
*.pcprecautionscenter.com, 6
*.seomop.com, 2
*.infoplease.com, 3
*.whozontop.com, 20
*.bebo.com, 1
*.1337x.org, 1
*.datinggold.com, 2
*.trusteer.com, 155
*.toprankmarketing.com, 25
*.email3m.com, 1
*.go2media.org, 3
*.speedyshare.com, 51
*.fimserve.com, 256
*.capitalone.com, 46
*.crystalscomments.com, 10
*.palletsantaines.com, 1
*.vectorvalley.com, 30
*.idcon.com, 33
*.thetoptens.com, 10
*.cinemanow.com, 18
*.ischool.zm, 240
*.mydigitallife.info, 76
*.college-university-links.com, 1
*.congoresources.org, 1
*.bugehoobs.com, 2
*.cinemagia.ro, 12
*.mdmngr.com, 1
*.publicbt.com, 29
*.babelred.com, 40
*.sessionmagazine.com, 39
*.collarity.com, 4
*.gage.com, 1
*.studyinteractive.org, 161
*.uploadhouse.com, 2
*.bannerconnect.net, 59
*.bestmusclebuilding.org, 72
*.amxdt.com, 6
*.spyrestudios.com, 1
*.adjuggler.net, 16
*.dailyradar.com, 2
*.axf8.net, 21
*.neoworx.net, 9
*.his.com, 19
*.egames.net, 1
*.complexmedianetwork.com, 17
*.zkaoo.com, 52
*.rcifcywhhs, 1
*.afrosoundsfm.com, 9
*.worldvisionmicro.org, 43
*.triggit.com, 21
*.markosweb.com, 173
*.hometownhotties.com, 10
*.mrvids.com, 9
*.edmgr.com, 1
*.thelancet.com, 44
*.scoobysworkshop.com, 22
*.adreactor.com, 68
*.omnitube.org, 3
173.203.97.40, 11
*.teacup.com, 14
*.whorist.com, 50
*.modelmayhem.com, 12
*.openoffice.org, 39
*.blogdigger.com, 1
*.adzerk.net, 4
*.popularscreensavers.com, 18
*.toprankresults.com, 30
68.142.206.15, 46
*.netatlantic.com, 4
*.innovations-report.com, 90
*.simplemom.net, 1
*.schwartzy.com, 3
*.xfuckbook.com, 1
*.mkt538.com, 31
*.otc.edu, 14
*.digits.com, 2
*.morninpaper.com, 2
*.turningpointonline.org, 2
74.54.27.242, 1
*.zuiofgsdwg, 1
*.gawker.com, 200
*.pngo.net, 67
*.lastminute.com, 1
*.bigcharts.com, 1
*.com.com, 2673
*.tiscali.it, 142
*.findcarjapan.com, 88
*.picasasoftware.com, 9
*.freefilesnow.com, 4
*.spydertracks.com, 4
*.umich.edu, 4
*.jhidc.org, 7
*.theatlantic.com, 234
*.cowreps.com, 1
*.live365.com, 12
*.macosx.com, 14
*.theroot.com, 1
*.madblog.org, 1
*.polkaspots.logout, 6
*.digitalriver.com, 29
